,hvfhs_license_num,dispatching_base_num,pickup_datetime,dropoff_datetime,PULocationID,DOLocationID,shared_request_flag
0,HV0003,B02682,2021-01-01 00:33:44,2021-01-01 00:49:07,230,166,N
1,HV0003,B02682,2021-01-01 00:55:19,2021-01-01 01:18:21,152,167,N
2,HV0003,B02764,2021-01-01 00:23:56,2021-01-01 00:38:05,233,142,N
3,HV0003,B02764,2021-01-01 00:42:51,2021-01-01 00:45:50,142,143,N
4,HV0003,B02764,2021-01-01 00:48:14,2021-01-01 01:08:42,143,78,N
5,HV0005,B02510,2021-01-01 00:06:59,2021-01-01 00:43:01,88,42,N
6,HV0005,B02510,2021-01-01 00:50:00,2021-01-01 01:04:57,42,151,N
7,HV0003,B02764,2021-01-01 00:14:30,2021-01-01 00:50:27,71,226,N
8,HV0003,B02875,2021-01-01 00:22:54,2021-01-01 00:30:20,112,255,N
9,HV0003,B02875,2021-01-01 00:40:12,2021-01-01 00:53:31,255,232,N
10,HV0003,B02875,2021-01-01 00:56:45,2021-01-01 01:17:42,232,198,N
11,HV0003,B02835,2021-01-01 00:29:04,2021-01-01 00:36:27,113,48,N
12,HV0003,B02835,2021-01-01 00:48:56,2021-01-01 00:59:12,239,75,N
13,HV0004,B02800,2021-01-01 00:15:24,2021-01-01 00:38:31,181,237,N
14,HV0004,B02800,2021-01-01 00:45:00,2021-01-01 01:06:45,236,68,N
15,HV0003,B02682,2021-01-01 00:11:53,2021-01-01 00:18:06,256,148,N
16,HV0003,B02682,2021-01-01 00:28:31,2021-01-01 00:41:40,79,80,N
17,HV0003,B02682,2021-01-01 00:50:49,2021-01-01 00:55:59,17,217,N
18,HV0005,B02510,2021-01-01 00:08:40,2021-01-01 00:39:39,62,29,N
19,HV0003,B02836,2021-01-01 00:53:48,2021-01-01 01:11:40,22,22,N
20,HV0005,B02510,2021-01-01 00:22:24,2021-01-01 00:36:23,92,191,N
21,HV0005,B02510,2021-01-01 00:40:55,2021-01-01 00:52:38,191,203,N
22,HV0003,B02836,2021-01-01 00:36:21,2021-01-01 00:57:41,146,129,N
23,HV0003,B02512,2021-01-01 00:14:21,2021-01-01 00:21:16,37,225,N
24,HV0003,B02512,2021-01-01 00:26:37,2021-01-01 01:08:20,225,47,N
25,HV0003,B02764,2021-01-01 00:19:11,2021-01-01 00:33:49,81,32,N
26,HV0003,B02764,2021-01-01 00:39:51,2021-01-01 00:58:51,32,126,N
27,HV0005,B02510,2021-01-01 00:11:59,2021-01-01 00:32:27,119,75,N
28,HV0005,B02510,2021-01-01 00:39:10,2021-01-01 01:01:57,75,129,N
29,HV0005,B02510,2021-01-01 00:14:44,2021-01-01 00:37:27,205,95,N
30,HV0005,B02510,2021-01-01 00:45:29,2021-01-01 01:09:46,82,244,N
31,HV0003,B02764,2021-01-01 00:06:49,2021-01-01 00:20:07,138,42,N
32,HV0003,B02764,2021-01-01 00:27:12,2021-01-01 00:47:00,42,182,N
33,HV0003,B02764,2021-01-01 00:52:12,2021-01-01 01:06:40,250,32,N
34,HV0005,B02510,2021-01-01 00:19:55,2021-01-01 00:32:17,50,244,N
35,HV0005,B02510,2021-01-01 00:41:10,2021-01-01 00:53:11,244,116,N
36,HV0005,B02510,2021-01-01 00:57:33,2021-01-01 01:10:19,116,168,N
37,HV0003,B02872,2021-01-01 00:17:19,2021-01-01 00:27:08,234,170,N
38,HV0003,B02872,2021-01-01 00:50:50,2021-01-01 01:00:05,66,4,N
39,HV0003,B02764,2021-01-01 00:18:42,2021-01-01 00:33:23,113,237,N
40,HV0003,B02764,2021-01-01 00:38:27,2021-01-01 00:48:48,237,107,N
41,HV0003,B02682,2021-01-01 00:12:14,2021-01-01 00:26:11,39,71,N
42,HV0003,B02682,2021-01-01 00:35:20,2021-01-01 00:44:08,91,89,N
43,HV0003,B02682,2021-01-01 00:46:07,2021-01-01 00:53:32,89,89,N
44,HV0003,B02682,2021-01-01 00:58:40,2021-01-01 01:04:40,165,165,N
45,HV0003,B02872,2021-01-01 00:37:20,2021-01-01 00:46:03,234,144,N
46,HV0003,B02872,2021-01-01 00:56:54,2021-01-01 01:23:17,87,7,N
47,HV0005,B02510,2021-01-01 00:32:47,2021-01-01 01:20:32,209,265,N
48,HV0003,B02888,2021-01-01 00:14:30,2021-01-01 00:36:50,48,224,N
49,HV0003,B02888,2021-01-01 00:45:14,2021-01-01 00:51:02,229,140,N
50,HV0003,B02888,2021-01-01 00:58:14,2021-01-01 01:05:29,262,263,N
51,HV0005,B02510,2021-01-01 00:47:11,2021-01-01 01:10:29,230,265,N
52,HV0003,B02617,2021-01-01 00:19:00,2021-01-01 00:31:44,14,97,N
53,HV0003,B02617,2021-01-01 00:41:04,2021-01-01 01:06:28,148,36,N
54,HV0003,B02836,2021-01-01 00:35:37,2021-01-01 01:00:46,256,91,N
55,HV0005,B02510,2021-01-01 00:32:35,2021-01-01 00:43:30,37,148,N
56,HV0005,B02510,2021-01-01 00:48:30,2021-01-01 01:11:53,148,223,N
57,HV0003,B02764,2021-01-01 00:23:12,2021-01-01 00:30:18,250,213,N
58,HV0003,B02764,2021-01-01 00:33:48,2021-01-01 00:45:38,213,126,N
59,HV0003,B02764,2021-01-01 00:49:30,2021-01-01 01:05:26,126,247,N
60,HV0004,B02800,2021-01-01 00:06:06,2021-01-01 00:19:55,168,75,N
61,HV0004,B02800,2021-01-01 00:28:06,2021-01-01 00:40:46,151,143,N
62,HV0004,B02800,2021-01-01 00:53:48,2021-01-01 01:13:37,116,263,N
63,HV0005,B02510,2021-01-01 00:12:34,2021-01-01 00:29:19,232,68,N
64,HV0005,B02510,2021-01-01 00:33:30,2021-01-01 00:46:06,68,161,N
65,HV0005,B02510,2021-01-01 00:46:19,2021-01-01 00:55:26,168,42,N
66,HV0005,B02510,2021-01-01 00:59:50,2021-01-01 01:15:15,116,242,N
67,HV0003,B02864,2021-01-01 00:22:22,2021-01-01 00:49:03,256,35,N
68,HV0003,B02764,2021-01-01 00:08:27,2021-01-01 00:25:17,112,36,N
69,HV0003,B02764,2021-01-01 00:27:44,2021-01-01 01:02:46,36,247,N
70,HV0003,B02764,2021-01-01 00:55:23,2021-01-01 01:15:07,233,265,N
71,HV0003,B02872,2021-01-01 00:05:04,2021-01-01 00:25:52,245,22,N
72,HV0003,B02872,2021-01-01 00:37:19,2021-01-01 00:50:12,22,227,N
73,HV0003,B02872,2021-01-01 00:56:08,2021-01-01 01:32:49,228,250,N
74,HV0005,B02510,2021-01-01 00:40:04,2021-01-01 00:58:03,232,238,N
75,HV0003,B02877,2021-01-01 00:36:20,2021-01-01 01:14:59,230,186,N
76,HV0004,B02800,2021-01-01 00:28:43,2021-01-01 00:47:00,4,145,N
77,HV0004,B02800,2021-01-01 00:51:39,2021-01-01 01:02:52,145,146,N
78,HV0003,B02889,2021-01-01 00:19:21,2021-01-01 00:46:32,185,116,N
79,HV0003,B02889,2021-01-01 00:50:12,2021-01-01 01:05:42,116,242,N
80,HV0005,B02510,2021-01-01 00:12:22,2021-01-01 00:22:25,148,79,N
81,HV0005,B02510,2021-01-01 00:27:03,2021-01-01 00:46:57,4,265,N
82,HV0003,B02889,2021-01-01 00:10:34,2021-01-01 00:15:31,80,255,N
83,HV0003,B02889,2021-01-01 00:23:56,2021-01-01 00:31:22,255,80,N
84,HV0003,B02889,2021-01-01 00:33:57,2021-01-01 00:37:31,80,80,N
85,HV0003,B02889,2021-01-01 00:41:01,2021-01-01 00:53:33,80,226,N
86,HV0005,B02510,2021-01-01 00:25:45,2021-01-01 00:35:41,209,137,N
87,HV0005,B02510,2021-01-01 00:42:23,2021-01-01 01:01:28,4,49,N
88,HV0005,B02510,2021-01-01 00:42:26,2021-01-01 01:11:38,71,77,N
89,HV0003,B02512,2021-01-01 00:05:32,2021-01-01 00:17:36,35,72,N
90,HV0003,B02764,2021-01-01 00:46:23,2021-01-01 00:52:15,113,148,N
91,HV0003,B02764,2021-01-01 00:59:10,2021-01-01 01:08:09,211,66,N
92,HV0003,B02876,2021-01-01 00:13:51,2021-01-01 00:20:26,17,61,N
93,HV0003,B02876,2021-01-01 00:36:01,2021-01-01 00:56:18,256,13,N
94,HV0003,B02872,2021-01-01 00:17:32,2021-01-01 00:33:42,90,87,N
95,HV0003,B02872,2021-01-01 00:47:50,2021-01-01 01:03:45,231,141,N
96,HV0005,B02510,2021-01-01 00:15:03,2021-01-01 00:41:05,48,97,N
97,HV0005,B02510,2021-01-01 00:47:09,2021-01-01 01:05:40,97,231,N
98,HV0005,B02510,2021-01-01 00:09:53,2021-01-01 00:49:57,61,117,N
99,HV0005,B02510,2021-01-01 00:52:59,2021-01-01 01:27:18,117,76,N
100,HV0003,B02764,2021-01-01 00:42:10,2021-01-01 00:46:56,7,7,N
101,HV0003,B02764,2021-01-01 00:49:48,2021-01-01 01:16:16,7,18,N
102,HV0003,B02864,2021-01-01 00:29:56,2021-01-01 00:43:49,75,168,N
103,HV0003,B02864,2021-01-01 00:50:03,2021-01-01 01:07:53,159,242,N
104,HV0003,B02764,2021-01-01 00:33:14,2021-01-01 00:40:00,140,263,N
105,HV0003,B02764,2021-01-01 00:48:31,2021-01-01 01:01:57,75,69,N
106,HV0003,B02876,2021-01-01 00:32:06,2021-01-01 00:37:59,71,71,N
107,HV0003,B02876,2021-01-01 00:45:16,2021-01-01 00:53:49,71,91,N
108,HV0005,B02510,2021-01-01 00:15:57,2021-01-01 00:36:06,97,249,N
109,HV0005,B02510,2021-01-01 00:30:26,2021-01-01 00:44:43,209,170,N
110,HV0005,B02510,2021-01-01 00:57:21,2021-01-01 01:08:08,234,48,N
111,HV0005,B02510,2021-01-01 00:20:52,2021-01-01 00:52:41,21,37,N
112,HV0005,B02510,2021-01-01 00:57:25,2021-01-01 01:12:14,37,49,N
113,HV0003,B02876,2021-01-01 00:34:27,2021-01-01 00:46:36,222,130,N
114,HV0003,B02877,2021-01-01 00:22:51,2021-01-01 00:33:48,227,67,N
115,HV0003,B02877,2021-01-01 00:38:02,2021-01-01 00:45:01,22,14,N
116,HV0003,B02877,2021-01-01 00:52:53,2021-01-01 01:26:18,67,265,N
117,HV0003,B02889,2021-01-01 00:09:37,2021-01-01 00:25:18,133,87,N
118,HV0003,B02889,2021-01-01 00:30:50,2021-01-01 00:43:02,87,233,N
119,HV0003,B02889,2021-01-01 00:53:30,2021-01-01 01:00:16,107,164,N
120,HV0003,B02765,2021-01-01 00:13:42,2021-01-01 00:20:38,216,216,N
121,HV0003,B02765,2021-01-01 00:27:56,2021-01-01 00:34:35,197,258,N
122,HV0003,B02765,2021-01-01 00:38:59,2021-01-01 01:04:52,197,186,N
123,HV0005,B02510,2021-01-01 00:58:00,2021-01-01 01:06:57,237,79,N
124,HV0003,B02395,2021-01-01 00:25:59,2021-01-01 00:32:25,85,85,N
125,HV0003,B02395,2021-01-01 00:37:13,2021-01-01 01:11:19,85,38,N
126,HV0005,B02510,2021-01-01 00:21:22,2021-01-01 00:24:37,263,140,N
127,HV0005,B02510,2021-01-01 00:28:58,2021-01-01 00:43:16,140,236,N
128,HV0005,B02510,2021-01-01 00:49:18,2021-01-01 00:56:14,74,74,N
129,HV0005,B02510,2021-01-01 00:07:04,2021-01-01 00:23:08,79,234,N
130,HV0005,B02510,2021-01-01 00:39:13,2021-01-01 01:00:51,224,143,N
131,HV0003,B02871,2021-01-01 00:56:01,2021-01-01 01:09:19,17,255,N
132,HV0005,B02510,2021-01-01 00:11:50,2021-01-01 00:32:51,41,167,N
133,HV0005,B02510,2021-01-01 00:40:24,2021-01-01 00:52:55,47,42,N
134,HV0005,B02510,2021-01-01 00:58:44,2021-01-01 01:18:00,42,226,N
135,HV0005,B02510,2021-01-01 00:19:54,2021-01-01 00:58:06,230,87,N
136,HV0005,B02510,2021-01-01 00:32:25,2021-01-01 00:46:36,148,68,N
137,HV0003,B02764,2021-01-01 00:50:42,2021-01-01 01:11:07,68,112,N
138,HV0005,B02510,2021-01-01 00:23:58,2021-01-01 00:31:20,263,140,N
139,HV0005,B02510,2021-01-01 00:38:50,2021-01-01 00:51:59,262,143,N
140,HV0005,B02510,2021-01-01 00:07:35,2021-01-01 00:15:24,68,68,N
141,HV0005,B02510,2021-01-01 00:30:53,2021-01-01 00:46:00,68,79,N
142,HV0005,B02510,2021-01-01 00:49:10,2021-01-01 01:00:51,79,45,N
143,HV0005,B02510,2021-01-01 00:49:52,2021-01-01 01:01:22,231,137,N
144,HV0003,B02617,2021-01-01 00:16:28,2021-01-01 00:32:33,238,153,N
145,HV0003,B02617,2021-01-01 00:37:15,2021-01-01 00:43:54,153,243,N
146,HV0003,B02617,2021-01-01 00:47:38,2021-01-01 01:01:32,127,74,N
147,HV0003,B02682,2021-01-01 00:09:54,2021-01-01 00:16:04,48,143,N
148,HV0003,B02682,2021-01-01 00:17:48,2021-01-01 00:31:58,143,42,N
149,HV0003,B02682,2021-01-01 00:35:52,2021-01-01 00:55:05,42,250,N
150,HV0003,B02869,2021-01-01 00:05:59,2021-01-01 00:14:38,76,77,N
151,HV0003,B02869,2021-01-01 00:21:41,2021-01-01 00:51:16,77,126,N
152,HV0003,B02869,2021-01-01 00:55:36,2021-01-01 01:09:13,126,213,N
153,HV0003,B02866,2021-01-01 00:54:24,2021-01-01 01:11:15,79,255,N
154,HV0003,B02869,2021-01-01 00:23:05,2021-01-01 00:29:40,37,37,N
155,HV0003,B02869,2021-01-01 00:31:47,2021-01-01 00:45:23,37,17,N
156,HV0003,B02869,2021-01-01 00:51:41,2021-01-01 00:57:38,61,225,N
157,HV0005,B02510,2021-01-01 00:12:26,2021-01-01 00:22:22,224,170,N
158,HV0005,B02510,2021-01-01 00:28:38,2021-01-01 00:58:02,186,60,N
159,HV0003,B02889,2021-01-01 00:15:56,2021-01-01 00:26:18,164,141,N
160,HV0003,B02889,2021-01-01 00:32:56,2021-01-01 00:40:34,140,75,N
161,HV0003,B02889,2021-01-01 00:44:20,2021-01-01 00:58:36,75,45,N
162,HV0003,B02682,2021-01-01 00:07:16,2021-01-01 00:55:45,152,177,N
163,HV0003,B02682,2021-01-01 00:59:27,2021-01-01 01:08:33,177,76,N
164,HV0005,B02510,2021-01-01 00:41:09,2021-01-01 01:06:35,132,74,N
165,HV0003,B02864,2021-01-01 00:32:10,2021-01-01 00:38:54,125,13,N
166,HV0003,B02864,2021-01-01 00:50:32,2021-01-01 01:00:56,13,224,N
167,HV0005,B02510,2021-01-01 00:14:05,2021-01-01 00:31:57,119,75,N
168,HV0005,B02510,2021-01-01 00:37:21,2021-01-01 00:51:10,74,169,N
169,HV0005,B02510,2021-01-01 00:53:50,2021-01-01 01:01:55,169,94,N
170,HV0003,B02764,2021-01-01 00:20:31,2021-01-01 00:26:40,91,71,N
171,HV0003,B02764,2021-01-01 00:32:01,2021-01-01 00:43:23,89,72,N
172,HV0003,B02764,2021-01-01 00:47:07,2021-01-01 00:51:17,72,72,N
173,HV0003,B02764,2021-01-01 00:54:22,2021-01-01 01:17:04,72,76,N
174,HV0003,B02836,2021-01-01 00:24:15,2021-01-01 00:40:35,151,229,N
175,HV0003,B02836,2021-01-01 00:55:37,2021-01-01 01:11:04,237,226,N
176,HV0005,B02510,2021-01-01 00:31:15,2021-01-01 00:36:46,249,186,N
177,HV0005,B02510,2021-01-01 00:48:38,2021-01-01 01:29:35,48,265,N
178,HV0003,B02835,2021-01-01 00:09:38,2021-01-01 00:18:42,127,244,N
179,HV0003,B02835,2021-01-01 00:23:01,2021-01-01 00:28:24,243,127,N
180,HV0003,B02835,2021-01-01 00:33:13,2021-01-01 00:49:39,127,212,N
181,HV0003,B02835,2021-01-01 00:53:54,2021-01-01 01:06:47,212,168,N
182,HV0005,B02510,2021-01-01 00:04:36,2021-01-01 00:17:11,52,255,N
183,HV0005,B02510,2021-01-01 00:37:41,2021-01-01 01:06:04,112,36,N
184,HV0005,B02510,2021-01-01 00:17:59,2021-01-01 00:26:04,78,167,N
185,HV0005,B02510,2021-01-01 00:31:39,2021-01-01 00:41:12,167,213,N
186,HV0003,B02764,2021-01-01 00:49:29,2021-01-01 01:01:12,212,167,N
187,HV0003,B02835,2021-01-01 00:26:23,2021-01-01 01:16:47,68,14,N
188,HV0003,B02869,2021-01-01 00:23:12,2021-01-01 00:35:36,262,168,N
189,HV0003,B02869,2021-01-01 00:40:40,2021-01-01 00:53:07,69,127,N
190,HV0003,B02869,2021-01-01 00:55:34,2021-01-01 01:15:13,127,265,N
191,HV0003,B02764,2021-01-01 00:18:49,2021-01-01 00:50:25,211,254,N
192,HV0003,B02764,2021-01-01 00:53:05,2021-01-01 01:04:18,32,18,N
193,HV0003,B02867,2021-01-01 00:08:23,2021-01-01 00:18:26,188,89,N
194,HV0005,B02510,2021-01-01 00:16:05,2021-01-01 00:37:28,73,258,N
195,HV0003,B02877,2021-01-01 00:43:16,2021-01-01 00:51:51,258,134,N
196,HV0003,B02877,2021-01-01 00:52:15,2021-01-01 01:11:06,134,82,N
197,HV0005,B02510,2021-01-01 00:39:30,2021-01-01 01:03:12,37,36,N
198,HV0003,B02869,2021-01-01 00:28:08,2021-01-01 00:34:49,256,37,N
199,HV0005,B02510,2021-01-01 00:29:18,2021-01-01 00:35:58,17,225,N
200,HV0005,B02510,2021-01-01 00:40:52,2021-01-01 01:02:01,225,40,N
201,HV0005,B02510,2021-01-01 00:25:08,2021-01-01 00:43:42,75,244,N
202,HV0005,B02510,2021-01-01 00:47:02,2021-01-01 00:56:12,244,244,N
203,HV0003,B02875,2021-01-01 00:36:23,2021-01-01 00:49:11,234,143,N
204,HV0003,B02875,2021-01-01 00:51:24,2021-01-01 01:01:19,143,230,N
205,HV0003,B02836,2021-01-01 00:21:46,2021-01-01 00:38:08,80,36,N
206,HV0003,B02836,2021-01-01 00:44:22,2021-01-01 01:15:07,198,239,N
207,HV0005,B02510,2021-01-01 00:16:04,2021-01-01 00:24:19,181,40,N
208,HV0005,B02510,2021-01-01 00:27:37,2021-01-01 00:31:33,52,54,N
209,HV0005,B02510,2021-01-01 00:35:19,2021-01-01 00:47:53,52,181,N
210,HV0005,B02510,2021-01-01 00:49:55,2021-01-01 01:00:41,181,40,N
211,HV0003,B02617,2021-01-01 00:01:20,2021-01-01 00:07:39,151,238,N
212,HV0003,B02617,2021-01-01 00:10:07,2021-01-01 00:19:39,238,75,N
213,HV0003,B02617,2021-01-01 00:23:06,2021-01-01 00:52:07,75,18,N
214,HV0003,B02617,2021-01-01 00:56:04,2021-01-01 01:15:16,241,51,N
215,HV0003,B02764,2021-01-01 00:20:38,2021-01-01 00:29:26,259,81,N
216,HV0003,B02764,2021-01-01 00:33:14,2021-01-01 00:38:06,254,259,N
217,HV0003,B02764,2021-01-01 00:44:10,2021-01-01 00:49:45,81,81,N
218,HV0003,B02764,2021-01-01 00:54:39,2021-01-01 01:05:22,3,32,N
219,HV0005,B02510,2021-01-01 00:19:29,2021-01-01 00:32:22,239,116,N
220,HV0005,B02510,2021-01-01 00:35:24,2021-01-01 00:53:31,116,18,N
221,HV0005,B02510,2021-01-01 00:19:41,2021-01-01 00:34:50,141,143,N
222,HV0003,B02764,2021-01-01 00:04:46,2021-01-01 00:11:58,79,141,N
223,HV0003,B02764,2021-01-01 00:38:03,2021-01-01 00:42:18,143,142,N
224,HV0003,B02764,2021-01-01 00:45:44,2021-01-01 00:56:29,142,41,N
225,HV0003,B02764,2021-01-01 00:44:55,2021-01-01 00:57:11,74,42,N
226,HV0005,B02510,2021-01-01 00:40:26,2021-01-01 00:51:37,80,36,N
227,HV0005,B02510,2021-01-01 00:54:42,2021-01-01 01:01:15,36,36,N
228,HV0005,B02510,2021-01-01 00:32:45,2021-01-01 00:59:46,130,232,N
229,HV0003,B02764,2021-01-01 00:51:26,2021-01-01 00:54:29,170,170,N
230,HV0003,B02765,2021-01-01 00:46:03,2021-01-01 01:21:10,230,71,N
231,HV0003,B02888,2021-01-01 00:53:37,2021-01-01 01:06:05,87,80,N
232,HV0003,B02884,2021-01-01 00:20:36,2021-01-01 00:43:17,238,265,N
233,HV0003,B02875,2021-01-01 00:05:53,2021-01-01 00:13:52,97,189,N
234,HV0003,B02765,2021-01-01 00:14:25,2021-01-01 00:22:03,164,158,N
235,HV0003,B02765,2021-01-01 00:35:19,2021-01-01 01:04:12,249,85,N
236,HV0005,B02510,2021-01-01 00:25:25,2021-01-01 00:56:51,48,181,N
237,HV0003,B02764,2021-01-01 00:18:01,2021-01-01 00:38:52,74,163,N
238,HV0003,B02764,2021-01-01 00:46:05,2021-01-01 00:56:03,230,237,N
239,HV0003,B02872,2021-01-01 00:10:03,2021-01-01 00:16:12,202,179,N
240,HV0003,B02872,2021-01-01 00:19:38,2021-01-01 00:39:17,179,157,N
241,HV0003,B02872,2021-01-01 00:57:32,2021-01-01 01:08:36,37,36,N
242,HV0003,B02395,2021-01-01 00:39:15,2021-01-01 00:54:19,223,7,N
243,HV0003,B02875,2021-01-01 00:33:25,2021-01-01 01:07:43,33,24,N
244,HV0003,B02879,2021-01-01 00:20:14,2021-01-01 00:31:48,169,168,N
245,HV0003,B02879,2021-01-01 00:43:34,2021-01-01 00:51:23,168,159,N
246,HV0003,B02879,2021-01-01 00:57:11,2021-01-01 01:07:30,168,126,N
247,HV0003,B02866,2021-01-01 00:13:28,2021-01-01 00:31:48,49,37,N
248,HV0003,B02866,2021-01-01 00:33:35,2021-01-01 00:50:00,37,63,N
249,HV0003,B02866,2021-01-01 00:55:44,2021-01-01 01:02:57,76,76,N
250,HV0003,B02877,2021-01-01 00:09:29,2021-01-01 00:28:43,255,36,N
251,HV0003,B02877,2021-01-01 00:33:27,2021-01-01 00:45:59,36,134,N
252,HV0003,B02877,2021-01-01 00:48:52,2021-01-01 01:05:10,134,53,N
253,HV0003,B02617,2021-01-01 00:19:33,2021-01-01 00:31:24,198,80,N
254,HV0003,B02617,2021-01-01 00:57:36,2021-01-01 01:19:49,112,24,N
255,HV0003,B02869,2021-01-01 00:19:05,2021-01-01 00:43:14,7,254,N
256,HV0003,B02869,2021-01-01 00:47:21,2021-01-01 01:02:22,254,243,N
257,HV0005,B02510,2021-01-01 00:16:54,2021-01-01 00:35:21,41,213,N
258,HV0005,B02510,2021-01-01 00:39:09,2021-01-01 00:53:37,213,18,N
259,HV0005,B02510,2021-01-01 00:56:07,2021-01-01 01:09:57,18,247,N
260,HV0003,B02878,2021-01-01 00:08:05,2021-01-01 00:13:35,259,259,N
261,HV0003,B02878,2021-01-01 00:17:25,2021-01-01 00:38:59,259,250,N
262,HV0003,B02878,2021-01-01 00:43:32,2021-01-01 01:02:38,250,151,N
263,HV0003,B02682,2021-01-01 00:23:51,2021-01-01 00:29:10,22,21,N
264,HV0003,B02682,2021-01-01 00:31:28,2021-01-01 00:38:23,21,108,N
265,HV0003,B02682,2021-01-01 00:42:31,2021-01-01 00:57:25,108,155,N
266,HV0003,B02764,2021-01-01 00:06:20,2021-01-01 00:11:32,197,216,N
267,HV0003,B02764,2021-01-01 00:20:20,2021-01-01 00:36:49,216,70,N
268,HV0003,B02764,2021-01-01 00:40:09,2021-01-01 00:47:12,70,82,N
269,HV0003,B02764,2021-01-01 00:50:59,2021-01-01 00:53:56,82,82,N
270,HV0005,B02510,2021-01-01 00:20:26,2021-01-01 00:41:46,166,234,N
271,HV0005,B02510,2021-01-01 00:52:06,2021-01-01 01:09:19,170,129,N
272,HV0005,B02510,2021-01-01 00:11:41,2021-01-01 00:23:35,235,60,N
273,HV0005,B02510,2021-01-01 00:27:25,2021-01-01 00:42:25,167,182,N
274,HV0003,B02888,2021-01-01 00:31:50,2021-01-01 00:45:50,80,145,N
275,HV0003,B02888,2021-01-01 00:49:05,2021-01-01 00:58:39,145,145,N
276,HV0003,B02869,2021-01-01 00:14:31,2021-01-01 00:33:48,97,158,N
277,HV0003,B02869,2021-01-01 00:42:06,2021-01-01 00:59:10,231,40,N
278,HV0005,B02510,2021-01-01 00:25:16,2021-01-01 00:42:39,137,80,N
279,HV0005,B02510,2021-01-01 00:46:56,2021-01-01 01:06:59,80,89,N
280,HV0003,B02882,2021-01-01 00:42:43,2021-01-01 00:58:52,69,213,N
281,HV0003,B02765,2021-01-01 00:15:09,2021-01-01 00:23:06,170,79,N
282,HV0003,B02765,2021-01-01 00:58:37,2021-01-01 01:12:59,137,33,N
283,HV0003,B02617,2021-01-01 00:49:13,2021-01-01 00:55:08,232,45,N
284,HV0003,B02869,2021-01-01 00:11:35,2021-01-01 00:19:09,17,225,N
285,HV0003,B02869,2021-01-01 00:33:18,2021-01-01 00:37:15,61,225,N
286,HV0003,B02869,2021-01-01 00:43:03,2021-01-01 01:01:06,225,76,N
287,HV0003,B02888,2021-01-01 00:26:11,2021-01-01 00:35:51,223,173,N
288,HV0003,B02888,2021-01-01 00:39:31,2021-01-01 00:55:47,173,97,N
289,HV0005,B02510,2021-01-01 00:35:35,2021-01-01 00:48:24,234,68,N
290,HV0005,B02510,2021-01-01 00:50:38,2021-01-01 01:03:50,68,238,N
291,HV0003,B02836,2021-01-01 00:34:26,2021-01-01 00:48:34,161,179,N
292,HV0003,B02836,2021-01-01 00:53:49,2021-01-01 01:13:50,179,243,N
293,HV0005,B02510,2021-01-01 00:12:29,2021-01-01 00:34:58,77,157,N
294,HV0005,B02510,2021-01-01 00:42:02,2021-01-01 00:51:18,157,260,N
295,HV0005,B02510,2021-01-01 00:52:38,2021-01-01 01:06:15,260,112,N
296,HV0005,B02510,2021-01-01 00:44:46,2021-01-01 00:54:21,79,232,N
297,HV0005,B02510,2021-01-01 00:26:42,2021-01-01 00:31:08,28,130,N
298,HV0005,B02510,2021-01-01 00:33:19,2021-01-01 01:00:28,215,265,N
299,HV0005,B02510,2021-01-01 00:17:27,2021-01-01 00:31:31,75,243,N
300,HV0005,B02510,2021-01-01 00:34:35,2021-01-01 00:42:25,243,152,N
301,HV0005,B02510,2021-01-01 00:45:45,2021-01-01 01:10:24,152,69,N
302,HV0003,B02869,2021-01-01 00:24:42,2021-01-01 00:48:16,125,37,N
303,HV0003,B02869,2021-01-01 00:50:13,2021-01-01 00:53:34,37,36,N
304,HV0003,B02835,2021-01-01 00:46:44,2021-01-01 01:03:49,143,224,N
305,HV0003,B02884,2021-01-01 00:12:13,2021-01-01 00:23:37,244,235,N
306,HV0003,B02884,2021-01-01 00:27:35,2021-01-01 00:35:36,235,235,N
307,HV0003,B02884,2021-01-01 00:40:46,2021-01-01 01:08:08,235,129,N
308,HV0003,B02879,2021-01-01 00:20:49,2021-01-01 00:28:48,223,7,N
309,HV0005,B02510,2021-01-01 00:15:28,2021-01-01 00:21:12,231,33,N
310,HV0003,B02878,2021-01-01 00:28:24,2021-01-01 00:57:02,33,231,N
311,HV0005,B02510,2021-01-01 00:25:08,2021-01-01 00:36:39,226,157,N
312,HV0005,B02510,2021-01-01 00:42:54,2021-01-01 01:03:29,157,25,N
313,HV0003,B02836,2021-01-01 00:29:21,2021-01-01 00:39:07,129,173,N
314,HV0003,B02836,2021-01-01 00:45:24,2021-01-01 00:55:42,70,92,N
315,HV0005,B02510,2021-01-01 00:37:33,2021-01-01 00:50:34,61,77,N
316,HV0005,B02510,2021-01-01 00:53:59,2021-01-01 01:04:54,76,35,N
317,HV0005,B02510,2021-01-01 00:28:21,2021-01-01 00:41:30,90,50,N
318,HV0003,B02764,2021-01-01 00:43:37,2021-01-01 00:49:32,17,61,N
319,HV0003,B02764,2021-01-01 00:55:03,2021-01-01 01:12:41,61,177,N
320,HV0005,B02510,2021-01-01 00:56:07,2021-01-01 01:21:06,249,7,N
321,HV0003,B02878,2021-01-01 00:00:50,2021-01-01 00:13:16,49,37,N
322,HV0003,B02878,2021-01-01 00:19:08,2021-01-01 00:40:19,37,234,N
323,HV0003,B02764,2021-01-01 00:12:47,2021-01-01 00:38:06,35,225,N
324,HV0003,B02764,2021-01-01 00:41:54,2021-01-01 00:51:39,225,36,N
325,HV0003,B02764,2021-01-01 00:54:01,2021-01-01 01:20:22,36,129,N
326,HV0003,B02512,2021-01-01 00:25:22,2021-01-01 00:42:22,170,230,N
327,HV0003,B02888,2021-01-01 00:19:37,2021-01-01 00:29:11,125,170,N
328,HV0003,B02888,2021-01-01 00:36:03,2021-01-01 00:42:18,107,113,N
329,HV0003,B02888,2021-01-01 00:49:31,2021-01-01 00:54:50,113,90,N
330,HV0003,B02888,2021-01-01 00:14:51,2021-01-01 00:31:44,4,42,N
331,HV0003,B02888,2021-01-01 00:35:39,2021-01-01 00:40:21,42,42,N
332,HV0003,B02882,2021-01-01 00:23:12,2021-01-01 00:46:01,256,150,N
333,HV0003,B02617,2021-01-01 00:12:00,2021-01-01 00:21:49,82,56,N
334,HV0003,B02617,2021-01-01 00:27:12,2021-01-01 00:30:48,56,56,N
335,HV0003,B02864,2021-01-01 00:04:13,2021-01-01 00:25:11,107,230,N
336,HV0003,B02864,2021-01-01 00:57:06,2021-01-01 01:18:02,239,33,N
337,HV0003,B02765,2021-01-01 00:05:09,2021-01-01 00:11:48,244,243,N
338,HV0003,B02765,2021-01-01 00:17:27,2021-01-01 00:33:39,243,168,N
339,HV0003,B02765,2021-01-01 00:38:14,2021-01-01 00:54:23,168,208,N
340,HV0003,B02765,2021-01-01 00:58:50,2021-01-01 01:10:49,208,242,N
341,HV0003,B02869,2021-01-01 00:08:37,2021-01-01 00:19:22,144,137,N
342,HV0003,B02869,2021-01-01 00:43:25,2021-01-01 00:50:34,80,112,N
343,HV0003,B02765,2021-01-01 00:22:44,2021-01-01 00:45:05,166,213,N
344,HV0003,B02765,2021-01-01 00:49:32,2021-01-01 01:11:46,213,247,N
345,HV0003,B02882,2021-01-01 00:13:04,2021-01-01 00:26:40,141,68,N
346,HV0003,B02882,2021-01-01 00:34:49,2021-01-01 00:50:19,68,114,N
347,HV0005,B02510,2021-01-01 00:13:56,2021-01-01 00:17:17,91,39,N
348,HV0005,B02510,2021-01-01 00:20:53,2021-01-01 00:34:25,39,177,N
349,HV0005,B02510,2021-01-01 00:45:40,2021-01-01 00:56:12,77,35,N
350,HV0005,B02510,2021-01-01 00:58:29,2021-01-01 01:10:01,35,39,N
351,HV0003,B02871,2021-01-01 00:27:51,2021-01-01 00:41:59,151,75,N
352,HV0003,B02871,2021-01-01 00:44:12,2021-01-01 01:03:04,75,56,N
353,HV0003,B02872,2021-01-01 00:34:10,2021-01-01 01:03:48,75,37,N
354,HV0003,B02875,2021-01-01 00:37:04,2021-01-01 00:46:25,113,224,N
355,HV0003,B02875,2021-01-01 00:57:44,2021-01-01 01:05:58,79,249,N
356,HV0003,B02875,2021-01-01 00:04:18,2021-01-01 00:10:13,179,7,N
357,HV0003,B02875,2021-01-01 00:37:12,2021-01-01 00:45:17,7,223,N
358,HV0003,B02875,2021-01-01 00:49:05,2021-01-01 01:04:00,179,263,N
359,HV0003,B02764,2021-01-01 00:16:21,2021-01-01 00:28:03,129,226,N
360,HV0003,B02764,2021-01-01 00:32:01,2021-01-01 00:45:43,226,95,N
361,HV0003,B02764,2021-01-01 00:50:53,2021-01-01 00:57:54,95,135,N
362,HV0003,B02764,2021-01-01 00:11:03,2021-01-01 00:24:34,124,63,N
363,HV0003,B02764,2021-01-01 00:37:00,2021-01-01 01:04:37,258,130,N
364,HV0003,B02682,2021-01-01 00:20:45,2021-01-01 00:32:47,256,4,N
365,HV0003,B02682,2021-01-01 00:42:57,2021-01-01 00:58:01,79,255,N
366,HV0003,B02682,2021-01-01 00:59:49,2021-01-01 01:12:03,255,137,N
367,HV0003,B02764,2021-01-01 00:05:02,2021-01-01 00:20:06,263,87,N
368,HV0003,B02764,2021-01-01 00:24:21,2021-01-01 00:33:01,87,158,N
369,HV0003,B02764,2021-01-01 00:36:14,2021-01-01 00:43:55,90,114,N
370,HV0003,B02764,2021-01-01 00:55:00,2021-01-01 01:03:33,170,79,N
371,HV0005,B02510,2021-01-01 00:16:01,2021-01-01 00:20:15,95,134,N
372,HV0005,B02510,2021-01-01 00:26:24,2021-01-01 00:40:20,28,53,N
373,HV0005,B02510,2021-01-01 00:42:36,2021-01-01 00:57:27,53,197,N
374,HV0005,B02510,2021-01-01 00:19:53,2021-01-01 00:26:26,69,69,N
375,HV0005,B02510,2021-01-01 00:37:38,2021-01-01 00:56:55,235,152,N
376,HV0005,B02510,2021-01-01 00:59:39,2021-01-01 01:22:42,166,249,N
377,HV0003,B02866,2021-01-01 00:26:45,2021-01-01 00:53:05,234,265,N
378,HV0003,B02764,2021-01-01 00:32:18,2021-01-01 01:27:37,165,265,N
379,HV0003,B02872,2021-01-01 00:06:29,2021-01-01 00:32:43,37,39,N
380,HV0003,B02872,2021-01-01 00:43:38,2021-01-01 00:55:30,35,222,N
381,HV0005,B02510,2021-01-01 00:08:27,2021-01-01 00:12:36,82,82,N
382,HV0005,B02510,2021-01-01 00:20:30,2021-01-01 00:34:34,260,198,N
383,HV0005,B02510,2021-01-01 00:37:41,2021-01-01 00:47:47,198,258,N
384,HV0005,B02510,2021-01-01 00:50:40,2021-01-01 01:04:25,258,124,N
385,HV0003,B02872,2021-01-01 00:24:48,2021-01-01 00:35:05,181,61,N
386,HV0003,B02872,2021-01-01 00:53:29,2021-01-01 00:57:53,49,49,N
387,HV0003,B02872,2021-01-01 00:59:04,2021-01-01 01:09:06,49,177,N
388,HV0003,B02867,2021-01-01 00:23:50,2021-01-01 00:57:53,231,265,N
389,HV0003,B02617,2021-01-01 00:42:12,2021-01-01 00:46:19,75,168,N
390,HV0003,B02617,2021-01-01 00:48:15,2021-01-01 00:56:18,168,41,N
391,HV0003,B02617,2021-01-01 00:57:12,2021-01-01 01:11:23,75,179,N
392,HV0003,B02877,2021-01-01 00:11:50,2021-01-01 00:24:14,95,130,N
393,HV0003,B02877,2021-01-01 00:25:39,2021-01-01 00:41:59,130,216,N
394,HV0003,B02682,2021-01-01 00:14:23,2021-01-01 00:30:30,112,7,N
395,HV0003,B02682,2021-01-01 00:34:42,2021-01-01 01:09:45,7,265,N
396,HV0005,B02510,2021-01-01 00:09:57,2021-01-01 00:22:54,230,238,N
397,HV0005,B02510,2021-01-01 00:31:27,2021-01-01 00:38:26,238,75,N
398,HV0005,B02510,2021-01-01 00:44:29,2021-01-01 01:09:23,75,183,N
399,HV0003,B02836,2021-01-01 00:28:13,2021-01-01 00:46:20,22,181,N
400,HV0003,B02836,2021-01-01 00:59:41,2021-01-01 01:08:01,178,133,N
401,HV0005,B02510,2021-01-01 00:25:16,2021-01-01 00:44:07,161,223,N
402,HV0005,B02510,2021-01-01 00:57:47,2021-01-01 01:09:47,223,7,N
403,HV0005,B02510,2021-01-01 00:23:57,2021-01-01 00:35:25,19,265,N
404,HV0005,B02510,2021-01-01 00:44:04,2021-01-01 00:53:04,38,122,N
405,HV0005,B02510,2021-01-01 00:57:19,2021-01-01 01:01:06,122,191,N
406,HV0005,B02510,2021-01-01 00:46:58,2021-01-01 01:10:19,61,61,N
407,HV0003,B02764,2021-01-01 00:19:13,2021-01-01 00:25:59,61,177,N
408,HV0003,B02835,2021-01-01 00:05:24,2021-01-01 00:10:46,26,227,N
409,HV0003,B02835,2021-01-01 00:15:34,2021-01-01 00:22:31,228,228,N
410,HV0003,B02835,2021-01-01 00:29:52,2021-01-01 00:35:38,228,227,N
411,HV0003,B02835,2021-01-01 00:39:00,2021-01-01 01:02:22,227,187,N
412,HV0003,B02871,2021-01-01 00:23:44,2021-01-01 00:37:38,144,236,N
413,HV0003,B02871,2021-01-01 00:42:21,2021-01-01 00:48:28,236,140,N
414,HV0005,B02510,2021-01-01 00:52:35,2021-01-01 00:58:36,89,89,N
415,HV0003,B02872,2021-01-01 00:14:07,2021-01-01 00:18:26,39,39,N
416,HV0003,B02872,2021-01-01 00:20:06,2021-01-01 00:42:10,39,89,N
417,HV0005,B02510,2021-01-01 00:16:15,2021-01-01 00:23:53,129,129,N
418,HV0005,B02510,2021-01-01 00:30:50,2021-01-01 00:38:44,129,82,N
419,HV0005,B02510,2021-01-01 00:42:18,2021-01-01 00:52:33,82,82,N
420,HV0005,B02510,2021-01-01 00:58:03,2021-01-01 01:19:10,82,17,N
421,HV0005,B02510,2021-01-01 00:03:29,2021-01-01 00:23:40,77,61,N
422,HV0005,B02510,2021-01-01 00:29:03,2021-01-01 00:34:35,61,188,N
423,HV0005,B02510,2021-01-01 00:42:58,2021-01-01 00:47:10,61,189,N
424,HV0005,B02510,2021-01-01 00:51:24,2021-01-01 00:58:54,181,61,N
425,HV0003,B02875,2021-01-01 00:21:15,2021-01-01 00:33:07,243,116,N
426,HV0003,B02875,2021-01-01 00:40:10,2021-01-01 00:53:40,116,168,N
427,HV0005,B02510,2021-01-01 00:05:57,2021-01-01 00:14:45,188,61,N
428,HV0005,B02510,2021-01-01 00:27:51,2021-01-01 00:42:55,17,177,N
429,HV0005,B02510,2021-01-01 00:48:01,2021-01-01 00:55:20,37,37,N
430,HV0003,B02871,2021-01-01 00:11:59,2021-01-01 00:35:21,61,249,N
431,HV0003,B02871,2021-01-01 00:45:04,2021-01-01 01:15:58,231,166,N
432,HV0003,B02764,2021-01-01 00:43:06,2021-01-01 00:53:35,121,16,N
433,HV0003,B02877,2021-01-01 00:26:00,2021-01-01 00:31:38,41,24,N
434,HV0003,B02877,2021-01-01 00:35:15,2021-01-01 00:47:22,24,141,N
435,HV0003,B02877,2021-01-01 00:52:11,2021-01-01 01:05:26,141,79,N
436,HV0003,B02869,2021-01-01 00:59:52,2021-01-01 01:13:32,6,206,N
437,HV0003,B02871,2021-01-01 00:13:32,2021-01-01 00:26:30,188,133,N
438,HV0003,B02871,2021-01-01 00:41:05,2021-01-01 00:47:00,188,89,N
439,HV0003,B02871,2021-01-01 00:50:57,2021-01-01 01:17:58,89,35,N
440,HV0003,B02764,2021-01-01 00:52:48,2021-01-01 01:02:17,186,144,N
441,HV0003,B02682,2021-01-01 00:58:28,2021-01-01 01:03:57,148,249,N
442,HV0005,B02510,2021-01-01 00:21:03,2021-01-01 00:26:04,36,80,N
443,HV0005,B02510,2021-01-01 00:30:09,2021-01-01 01:22:02,37,76,N
444,HV0003,B02865,2021-01-01 00:13:35,2021-01-01 00:22:31,218,215,N
445,HV0003,B02865,2021-01-01 00:25:17,2021-01-01 00:33:53,215,130,N
446,HV0003,B02865,2021-01-01 00:38:53,2021-01-01 00:48:31,131,28,N
447,HV0003,B02865,2021-01-01 00:49:58,2021-01-01 01:16:27,28,181,N
448,HV0005,B02510,2021-01-01 00:23:16,2021-01-01 00:37:03,36,37,N
449,HV0005,B02510,2021-01-01 00:51:46,2021-01-01 01:03:34,258,180,N
450,HV0003,B02617,2021-01-01 00:17:46,2021-01-01 00:35:54,25,36,N
451,HV0003,B02617,2021-01-01 00:39:17,2021-01-01 00:41:44,36,198,N
452,HV0003,B02617,2021-01-01 00:46:05,2021-01-01 01:03:30,36,62,N
453,HV0003,B02866,2021-01-01 00:53:08,2021-01-01 01:13:54,170,198,N
454,HV0003,B02864,2021-01-01 00:57:49,2021-01-01 01:42:56,211,265,N
455,HV0005,B02510,2021-01-01 00:51:27,2021-01-01 01:16:25,90,129,N
456,HV0003,B02866,2021-01-01 00:50:47,2021-01-01 01:13:50,79,61,N
457,HV0003,B02682,2021-01-01 00:21:31,2021-01-01 00:31:04,69,244,N
458,HV0003,B02682,2021-01-01 00:36:45,2021-01-01 00:52:34,244,182,N
459,HV0003,B02682,2021-01-01 00:54:02,2021-01-01 01:06:18,182,240,N
460,HV0005,B02510,2021-01-01 00:25:05,2021-01-01 00:38:27,130,215,N
461,HV0005,B02510,2021-01-01 00:42:12,2021-01-01 00:50:34,215,218,N
462,HV0005,B02510,2021-01-01 00:55:21,2021-01-01 01:03:35,219,216,N
463,HV0005,B02510,2021-01-01 00:24:22,2021-01-01 00:35:37,11,14,N
464,HV0005,B02510,2021-01-01 00:38:19,2021-01-01 00:49:44,14,133,N
465,HV0005,B02510,2021-01-01 00:54:26,2021-01-01 01:09:45,257,181,N
466,HV0005,B02510,2021-01-01 00:16:15,2021-01-01 00:31:11,112,263,N
467,HV0005,B02510,2021-01-01 00:36:16,2021-01-01 00:49:06,262,167,N
468,HV0005,B02510,2021-01-01 00:51:26,2021-01-01 01:01:40,167,247,N
469,HV0003,B02882,2021-01-01 00:57:52,2021-01-01 01:25:56,7,241,N
470,HV0003,B02872,2021-01-01 00:15:05,2021-01-01 00:34:52,100,265,N
471,HV0005,B02510,2021-01-01 00:27:51,2021-01-01 00:51:58,87,71,N
472,HV0003,B02764,2021-01-01 00:50:38,2021-01-01 01:00:10,215,216,N
473,HV0003,B02872,2021-01-01 00:28:22,2021-01-01 00:35:17,191,205,N
474,HV0003,B02872,2021-01-01 00:39:03,2021-01-01 00:50:56,191,131,N
475,HV0003,B02872,2021-01-01 00:52:49,2021-01-01 01:00:37,130,205,N
476,HV0003,B02872,2021-01-01 00:11:59,2021-01-01 00:30:14,145,129,N
477,HV0003,B02872,2021-01-01 00:33:32,2021-01-01 00:43:13,129,82,N
478,HV0003,B02764,2021-01-01 00:17:29,2021-01-01 00:32:53,37,72,N
479,HV0003,B02764,2021-01-01 00:37:36,2021-01-01 01:11:45,72,226,N
480,HV0003,B02617,2021-01-01 00:18:21,2021-01-01 00:33:23,92,145,N
481,HV0003,B02617,2021-01-01 00:42:37,2021-01-01 00:56:26,145,263,N
482,HV0003,B02878,2021-01-01 00:09:52,2021-01-01 00:24:02,78,18,N
483,HV0003,B02878,2021-01-01 00:25:49,2021-01-01 00:35:21,241,220,N
484,HV0003,B02878,2021-01-01 00:38:21,2021-01-01 00:50:00,220,169,N
485,HV0003,B02878,2021-01-01 00:53:00,2021-01-01 01:04:44,169,243,N
486,HV0003,B02682,2021-01-01 00:08:12,2021-01-01 00:11:55,254,254,N
487,HV0003,B02682,2021-01-01 00:18:17,2021-01-01 00:26:43,32,174,N
488,HV0003,B02682,2021-01-01 00:36:46,2021-01-01 00:44:13,200,220,N
489,HV0003,B02682,2021-01-01 00:45:35,2021-01-01 01:01:15,220,119,N
490,HV0003,B02765,2021-01-01 00:16:53,2021-01-01 00:38:16,61,106,N
491,HV0003,B02765,2021-01-01 00:44:17,2021-01-01 01:01:02,25,177,N
492,HV0005,B02510,2021-01-01 00:54:24,2021-01-01 01:07:38,230,140,N
493,HV0003,B02877,2021-01-01 00:11:07,2021-01-01 00:22:21,80,66,N
494,HV0003,B02877,2021-01-01 00:36:27,2021-01-01 00:57:39,66,121,N
495,HV0005,B02510,2021-01-01 00:40:26,2021-01-01 01:04:53,19,145,N
496,HV0003,B02883,2021-01-01 00:22:35,2021-01-01 00:33:01,48,263,N
497,HV0003,B02883,2021-01-01 00:38:26,2021-01-01 00:41:21,263,263,N
498,HV0003,B02883,2021-01-01 00:44:41,2021-01-01 00:53:12,262,74,N
499,HV0003,B02872,2021-01-01 00:30:37,2021-01-01 00:49:09,145,209,N
500,HV0003,B02836,2021-01-01 00:16:38,2021-01-01 00:34:25,179,141,N
501,HV0003,B02836,2021-01-01 00:37:08,2021-01-01 00:54:15,140,48,N
502,HV0003,B02888,2021-01-01 00:24:46,2021-01-01 00:29:13,226,226,N
503,HV0003,B02836,2021-01-01 00:07:44,2021-01-01 00:16:59,243,200,N
504,HV0003,B02836,2021-01-01 00:20:29,2021-01-01 00:30:51,200,169,N
505,HV0003,B02836,2021-01-01 00:33:43,2021-01-01 00:58:03,169,69,N
506,HV0005,B02510,2021-01-01 00:19:25,2021-01-01 00:29:59,238,239,N
507,HV0005,B02510,2021-01-01 00:44:37,2021-01-01 01:07:22,24,213,N
508,HV0003,B02869,2021-01-01 00:16:28,2021-01-01 00:38:33,142,129,N
509,HV0003,B02869,2021-01-01 00:42:51,2021-01-01 00:49:47,129,82,N
510,HV0003,B02869,2021-01-01 00:54:38,2021-01-01 01:22:25,82,18,N
511,HV0003,B02872,2021-01-01 00:04:47,2021-01-01 00:16:43,212,174,N
512,HV0003,B02872,2021-01-01 00:17:59,2021-01-01 00:41:19,174,173,N
513,HV0003,B02872,2021-01-01 00:45:41,2021-01-01 00:55:02,173,196,N
514,HV0003,B02872,2021-01-01 00:00:19,2021-01-01 00:25:42,100,148,N
515,HV0003,B02764,2021-01-01 00:54:46,2021-01-01 01:11:00,170,95,N
516,HV0005,B02510,2021-01-01 00:50:53,2021-01-01 01:08:42,186,88,N
517,HV0005,B02510,2021-01-01 00:37:09,2021-01-01 00:53:45,80,61,N
518,HV0005,B02510,2021-01-01 00:55:49,2021-01-01 01:03:56,61,188,N
519,HV0003,B02872,2021-01-01 00:34:00,2021-01-01 00:55:02,179,244,N
520,HV0003,B02872,2021-01-01 00:56:59,2021-01-01 01:09:46,244,116,N
521,HV0003,B02682,2021-01-01 00:14:39,2021-01-01 00:21:13,185,242,N
522,HV0003,B02682,2021-01-01 00:25:59,2021-01-01 00:32:32,242,248,N
523,HV0003,B02682,2021-01-01 00:44:56,2021-01-01 00:54:19,250,59,N
524,HV0003,B02682,2021-01-01 00:55:13,2021-01-01 01:04:15,60,126,N
525,HV0003,B02882,2021-01-01 00:50:50,2021-01-01 01:01:44,75,147,N
526,HV0003,B02872,2021-01-01 00:20:34,2021-01-01 00:28:27,197,216,N
527,HV0003,B02872,2021-01-01 00:36:17,2021-01-01 00:52:14,124,134,N
528,HV0003,B02875,2021-01-01 00:16:50,2021-01-01 00:29:06,238,263,N
529,HV0003,B02875,2021-01-01 00:35:27,2021-01-01 00:43:19,263,236,N
530,HV0003,B02875,2021-01-01 00:49:29,2021-01-01 00:57:38,236,142,N
531,HV0005,B02510,2021-01-01 00:19:16,2021-01-01 00:40:53,255,190,N
532,HV0005,B02510,2021-01-01 00:47:14,2021-01-01 00:58:52,189,17,N
533,HV0003,B02835,2021-01-01 00:07:04,2021-01-01 00:16:10,185,169,N
534,HV0003,B02835,2021-01-01 00:18:52,2021-01-01 00:32:02,169,208,N
535,HV0003,B02835,2021-01-01 00:34:20,2021-01-01 00:47:16,208,212,N
536,HV0003,B02835,2021-01-01 00:55:08,2021-01-01 01:03:55,213,182,N
537,HV0003,B02764,2021-01-01 00:06:55,2021-01-01 00:28:31,55,39,N
538,HV0003,B02764,2021-01-01 00:34:16,2021-01-01 00:43:32,76,76,N
539,HV0003,B02764,2021-01-01 00:55:08,2021-01-01 01:19:14,76,89,N
540,HV0005,B02510,2021-01-01 00:38:08,2021-01-01 01:07:35,236,135,N
541,HV0005,B02510,2021-01-01 00:29:39,2021-01-01 00:51:44,261,143,N
542,HV0003,B02872,2021-01-01 00:46:28,2021-01-01 00:57:16,79,236,N
543,HV0005,B02510,2021-01-01 00:28:21,2021-01-01 00:32:56,146,193,N
544,HV0005,B02510,2021-01-01 00:42:56,2021-01-01 01:00:24,179,37,N
545,HV0005,B02510,2021-01-01 00:23:54,2021-01-01 00:34:41,24,238,N
546,HV0005,B02510,2021-01-01 00:41:12,2021-01-01 00:55:28,239,42,N
547,HV0005,B02510,2021-01-01 00:56:36,2021-01-01 01:08:21,42,74,N
548,HV0003,B02836,2021-01-01 00:13:32,2021-01-01 00:20:57,112,112,N
549,HV0003,B02836,2021-01-01 00:24:33,2021-01-01 00:30:59,112,112,N
550,HV0003,B02764,2021-01-01 00:08:59,2021-01-01 00:14:09,142,48,N
551,HV0003,B02872,2021-01-01 00:52:18,2021-01-01 01:03:29,75,229,N
552,HV0003,B02764,2021-01-01 00:23:37,2021-01-01 00:37:55,41,243,N
553,HV0003,B02764,2021-01-01 00:40:32,2021-01-01 00:47:16,243,244,N
554,HV0003,B02764,2021-01-01 00:52:54,2021-01-01 01:09:47,235,18,N
555,HV0003,B02872,2021-01-01 00:31:30,2021-01-01 00:41:38,48,229,N
556,HV0005,B02510,2021-01-01 00:09:43,2021-01-01 00:33:27,112,151,N
557,HV0005,B02510,2021-01-01 00:36:29,2021-01-01 01:04:15,238,82,N
558,HV0003,B02869,2021-01-01 00:18:37,2021-01-01 00:34:43,255,95,N
559,HV0003,B02869,2021-01-01 00:38:02,2021-01-01 00:45:53,95,95,N
560,HV0003,B02869,2021-01-01 00:57:32,2021-01-01 01:24:26,102,260,N
561,HV0005,B02510,2021-01-01 00:38:41,2021-01-01 00:51:48,163,164,N
562,HV0005,B02510,2021-01-01 00:55:46,2021-01-01 01:18:58,164,42,N
563,HV0005,B02510,2021-01-01 00:00:38,2021-01-01 00:04:36,61,177,N
564,HV0005,B02510,2021-01-01 00:12:10,2021-01-01 00:20:19,35,35,N
565,HV0005,B02510,2021-01-01 00:26:19,2021-01-01 00:37:51,35,222,N
566,HV0005,B02510,2021-01-01 00:45:22,2021-01-01 00:50:52,39,76,N
567,HV0005,B02510,2021-01-01 00:54:07,2021-01-01 01:14:10,76,218,N
568,HV0003,B02765,2021-01-01 00:12:30,2021-01-01 00:42:49,79,225,N
569,HV0003,B02765,2021-01-01 00:44:21,2021-01-01 01:08:03,177,255,N
570,HV0003,B02836,2021-01-01 00:11:24,2021-01-01 00:34:46,79,225,N
571,HV0003,B02836,2021-01-01 00:37:48,2021-01-01 00:52:54,225,177,N
572,HV0003,B02836,2021-01-01 00:56:35,2021-01-01 01:09:10,177,35,N
573,HV0003,B02836,2021-01-01 00:09:23,2021-01-01 00:18:58,37,198,N
574,HV0003,B02836,2021-01-01 00:21:36,2021-01-01 00:57:16,198,187,N
575,HV0005,B02510,2021-01-01 00:51:44,2021-01-01 01:10:24,158,236,N
576,HV0003,B02765,2021-01-01 00:02:14,2021-01-01 00:19:44,261,230,N
577,HV0003,B02888,2021-01-01 00:19:42,2021-01-01 00:35:44,13,80,N
578,HV0003,B02888,2021-01-01 00:39:41,2021-01-01 01:01:14,80,72,N
579,HV0003,B02869,2021-01-01 00:14:43,2021-01-01 00:25:06,141,79,N
580,HV0003,B02869,2021-01-01 00:38:29,2021-01-01 00:50:53,170,211,N
581,HV0003,B02869,2021-01-01 00:56:23,2021-01-01 01:16:41,249,14,N
582,HV0005,B02510,2021-01-01 00:22:16,2021-01-01 00:29:09,262,263,N
583,HV0005,B02510,2021-01-01 00:32:24,2021-01-01 00:47:59,263,79,N
584,HV0005,B02510,2021-01-01 00:56:47,2021-01-01 01:10:37,107,162,N
585,HV0003,B02764,2021-01-01 00:23:09,2021-01-01 00:42:26,125,48,N
586,HV0003,B02884,2021-01-01 00:27:04,2021-01-01 00:36:33,232,79,N
587,HV0003,B02884,2021-01-01 00:42:57,2021-01-01 01:03:58,137,9,N
588,HV0003,B02883,2021-01-01 00:33:47,2021-01-01 00:42:52,255,80,N
589,HV0003,B02883,2021-01-01 00:49:27,2021-01-01 01:08:01,37,188,N
590,HV0003,B02682,2021-01-01 00:42:25,2021-01-01 01:14:48,37,42,N
591,HV0003,B02872,2021-01-01 00:31:48,2021-01-01 00:43:20,133,89,N
592,HV0003,B02872,2021-01-01 00:48:23,2021-01-01 00:58:11,89,133,N
593,HV0003,B02875,2021-01-01 00:11:37,2021-01-01 00:30:06,166,141,N
594,HV0003,B02875,2021-01-01 00:34:58,2021-01-01 00:41:39,237,263,N
595,HV0003,B02875,2021-01-01 00:45:15,2021-01-01 00:54:31,263,137,N
596,HV0003,B02875,2021-01-01 00:57:25,2021-01-01 01:00:22,170,164,N
597,HV0003,B02765,2021-01-01 00:20:03,2021-01-01 00:43:27,249,41,N
598,HV0003,B02765,2021-01-01 00:46:48,2021-01-01 00:51:35,41,74,N
599,HV0005,B02510,2021-01-01 00:31:40,2021-01-01 00:50:32,48,265,N
600,HV0003,B02835,2021-01-01 00:11:28,2021-01-01 00:24:21,26,181,N
601,HV0003,B02835,2021-01-01 00:30:53,2021-01-01 00:42:40,181,133,N
602,HV0003,B02835,2021-01-01 00:50:41,2021-01-01 01:06:27,178,108,N
603,HV0003,B02882,2021-01-01 00:43:06,2021-01-01 01:04:07,107,158,N
604,HV0003,B02876,2021-01-01 00:58:20,2021-01-01 01:09:05,79,211,N
605,HV0003,B02871,2021-01-01 00:08:51,2021-01-01 00:16:31,229,161,N
606,HV0003,B02871,2021-01-01 00:36:51,2021-01-01 00:48:22,137,263,N
607,HV0003,B02888,2021-01-01 00:16:45,2021-01-01 00:30:16,263,7,N
608,HV0003,B02888,2021-01-01 00:49:12,2021-01-01 01:06:17,141,231,N
609,HV0003,B02871,2021-01-01 00:23:28,2021-01-01 00:30:26,230,48,N
610,HV0003,B02871,2021-01-01 00:44:38,2021-01-01 00:52:58,68,224,N
611,HV0005,B02510,2021-01-01 00:00:57,2021-01-01 00:17:45,94,166,N
612,HV0003,B02835,2021-01-01 00:26:29,2021-01-01 00:40:08,42,168,N
613,HV0003,B02835,2021-01-01 00:44:40,2021-01-01 00:49:35,168,168,N
614,HV0003,B02835,2021-01-01 00:55:31,2021-01-01 01:07:11,168,69,N
615,HV0003,B02836,2021-01-01 00:10:58,2021-01-01 00:25:07,134,95,N
616,HV0003,B02836,2021-01-01 00:34:24,2021-01-01 00:44:43,95,135,N
617,HV0003,B02836,2021-01-01 00:51:39,2021-01-01 00:57:22,28,121,N
618,HV0003,B02764,2021-01-01 00:31:16,2021-01-01 00:37:41,76,39,N
619,HV0003,B02764,2021-01-01 00:45:54,2021-01-01 01:00:23,39,76,N
620,HV0003,B02835,2021-01-01 00:08:10,2021-01-01 00:20:26,119,159,N
621,HV0003,B02835,2021-01-01 00:23:44,2021-01-01 00:30:26,167,78,N
622,HV0003,B02835,2021-01-01 00:35:46,2021-01-01 00:58:40,78,235,N
623,HV0003,B02866,2021-01-01 00:17:13,2021-01-01 00:45:04,126,265,N
624,HV0005,B02510,2021-01-01 00:53:54,2021-01-01 00:59:03,76,77,N
625,HV0003,B02765,2021-01-01 00:08:45,2021-01-01 00:48:43,161,76,N
626,HV0005,B02510,2021-01-01 00:31:17,2021-01-01 00:42:18,142,107,N
627,HV0005,B02510,2021-01-01 00:49:19,2021-01-01 01:08:27,224,246,N
628,HV0003,B02835,2021-01-01 00:07:08,2021-01-01 00:18:16,20,78,N
629,HV0003,B02835,2021-01-01 00:21:54,2021-01-01 00:36:02,31,119,N
630,HV0003,B02682,2021-01-01 00:01:24,2021-01-01 00:08:00,144,211,N
631,HV0003,B02682,2021-01-01 00:39:40,2021-01-01 00:49:33,142,236,N
632,HV0003,B02682,2021-01-01 00:51:52,2021-01-01 00:58:56,236,142,N
633,HV0005,B02510,2021-01-01 00:18:54,2021-01-01 00:33:02,211,50,N
634,HV0005,B02510,2021-01-01 00:36:27,2021-01-01 00:41:06,246,48,N
635,HV0005,B02510,2021-01-01 00:45:08,2021-01-01 01:09:14,230,116,N
636,HV0003,B02682,2021-01-01 00:33:59,2021-01-01 01:02:37,125,64,N
637,HV0005,B02510,2021-01-01 00:46:44,2021-01-01 00:57:52,74,244,N
638,HV0005,B02510,2021-01-01 00:12:32,2021-01-01 00:42:10,164,265,N
639,HV0005,B02510,2021-01-01 00:54:55,2021-01-01 01:05:41,259,81,N
640,HV0003,B02866,2021-01-01 00:13:15,2021-01-01 00:23:03,177,37,N
641,HV0003,B02866,2021-01-01 00:25:04,2021-01-01 00:49:09,37,261,N
642,HV0003,B02866,2021-01-01 00:54:35,2021-01-01 01:03:57,87,25,N
643,HV0003,B02871,2021-01-01 00:51:12,2021-01-01 00:59:12,79,148,N
644,HV0005,B02510,2021-01-01 00:00:23,2021-01-01 00:12:05,39,35,N
645,HV0005,B02510,2021-01-01 00:38:33,2021-01-01 00:51:10,62,257,N
646,HV0003,B02765,2021-01-01 00:16:03,2021-01-01 00:31:46,35,188,N
647,HV0003,B02765,2021-01-01 00:56:11,2021-01-01 01:19:07,257,163,N
648,HV0005,B02510,2021-01-01 00:17:39,2021-01-01 00:37:44,261,80,N
649,HV0005,B02510,2021-01-01 00:43:31,2021-01-01 01:05:17,37,35,N
650,HV0003,B02872,2021-01-01 00:32:35,2021-01-01 00:40:04,259,254,N
651,HV0003,B02872,2021-01-01 00:45:44,2021-01-01 01:00:41,254,94,N
652,HV0005,B02510,2021-01-01 00:42:13,2021-01-01 00:57:02,151,68,N
653,HV0003,B02866,2021-01-01 00:23:39,2021-01-01 00:40:02,70,102,N
654,HV0003,B02866,2021-01-01 00:44:52,2021-01-01 00:49:45,102,102,N
655,HV0003,B02866,2021-01-01 00:52:51,2021-01-01 00:57:04,102,198,N
656,HV0003,B02682,2021-01-01 00:25:28,2021-01-01 00:51:21,176,44,N
657,HV0003,B02836,2021-01-01 00:19:08,2021-01-01 00:30:35,216,265,N
658,HV0005,B02510,2021-01-01 00:20:41,2021-01-01 00:29:15,237,142,N
659,HV0005,B02510,2021-01-01 00:34:55,2021-01-01 00:46:21,239,24,N
660,HV0005,B02510,2021-01-01 00:49:15,2021-01-01 00:58:01,166,238,N
661,HV0005,B02510,2021-01-01 00:20:44,2021-01-01 00:31:57,241,174,N
662,HV0005,B02510,2021-01-01 00:40:23,2021-01-01 00:56:20,18,60,N
663,HV0005,B02510,2021-01-01 00:20:23,2021-01-01 00:35:27,225,61,N
664,HV0005,B02510,2021-01-01 00:53:52,2021-01-01 00:57:16,225,225,N
665,HV0003,B02884,2021-01-01 00:23:35,2021-01-01 00:57:50,53,50,N
666,HV0005,B02510,2021-01-01 00:16:30,2021-01-01 00:28:18,82,56,N
667,HV0005,B02510,2021-01-01 00:31:56,2021-01-01 00:37:10,56,56,N
668,HV0005,B02510,2021-01-01 00:41:15,2021-01-01 01:01:09,82,122,N
669,HV0003,B02872,2021-01-01 00:08:16,2021-01-01 00:19:15,89,188,N
670,HV0003,B02872,2021-01-01 00:24:16,2021-01-01 00:46:21,188,76,N
671,HV0003,B02872,2021-01-01 00:58:49,2021-01-01 01:12:55,63,28,N
672,HV0003,B02878,2021-01-01 00:07:37,2021-01-01 00:27:25,113,244,N
673,HV0003,B02878,2021-01-01 00:32:39,2021-01-01 00:52:56,243,265,N
674,HV0005,B02510,2021-01-01 00:36:25,2021-01-01 00:42:03,233,140,N
675,HV0005,B02510,2021-01-01 00:46:50,2021-01-01 00:53:00,141,140,N
676,HV0005,B02510,2021-01-01 00:56:57,2021-01-01 01:21:57,140,173,N
677,HV0003,B02764,2021-01-01 00:05:44,2021-01-01 00:17:37,173,226,N
678,HV0003,B02764,2021-01-01 00:28:46,2021-01-01 00:43:46,260,191,N
679,HV0003,B02764,2021-01-01 00:49:14,2021-01-01 01:04:38,191,215,N
680,HV0003,B02764,2021-01-01 00:21:24,2021-01-01 00:30:06,234,211,N
681,HV0003,B02764,2021-01-01 00:35:20,2021-01-01 00:58:33,211,223,N
682,HV0003,B02764,2021-01-01 00:15:01,2021-01-01 00:24:45,165,22,N
683,HV0003,B02764,2021-01-01 00:29:36,2021-01-01 01:04:01,22,160,N
684,HV0003,B02765,2021-01-01 00:21:07,2021-01-01 00:34:51,47,242,N
685,HV0003,B02765,2021-01-01 00:36:47,2021-01-01 00:50:05,242,18,N
686,HV0003,B02765,2021-01-01 00:55:22,2021-01-01 01:05:54,241,32,N
687,HV0003,B02764,2021-01-01 00:20:44,2021-01-01 00:30:32,167,213,N
688,HV0003,B02764,2021-01-01 00:38:56,2021-01-01 00:51:09,250,47,N
689,HV0003,B02764,2021-01-01 00:57:23,2021-01-01 01:11:44,47,127,N
690,HV0005,B02510,2021-01-01 00:09:32,2021-01-01 00:17:57,20,78,N
691,HV0005,B02510,2021-01-01 00:22:42,2021-01-01 00:35:01,20,18,N
692,HV0005,B02510,2021-01-01 00:43:32,2021-01-01 00:53:10,220,18,N
693,HV0003,B02888,2021-01-01 00:12:09,2021-01-01 00:20:38,102,160,N
694,HV0003,B02888,2021-01-01 00:27:56,2021-01-01 00:38:19,102,160,N
695,HV0003,B02888,2021-01-01 00:44:27,2021-01-01 00:54:03,82,226,N
696,HV0003,B02888,2021-01-01 00:57:41,2021-01-01 01:07:56,226,112,N
697,HV0003,B02877,2021-01-01 00:09:47,2021-01-01 00:29:09,76,61,N
698,HV0003,B02877,2021-01-01 00:54:02,2021-01-01 01:01:36,61,61,N
699,HV0003,B02884,2021-01-01 00:46:42,2021-01-01 01:03:36,170,50,N
700,HV0005,B02510,2021-01-01 00:18:38,2021-01-01 00:26:56,129,7,N
701,HV0005,B02510,2021-01-01 00:29:29,2021-01-01 01:16:23,7,265,N
702,HV0003,B02395,2021-01-01 00:21:30,2021-01-01 00:35:15,258,225,N
703,HV0003,B02395,2021-01-01 00:38:27,2021-01-01 00:48:43,177,35,N
704,HV0003,B02395,2021-01-01 00:49:48,2021-01-01 00:59:44,35,72,N
705,HV0003,B02872,2021-01-01 00:26:40,2021-01-01 00:37:26,179,192,N
706,HV0003,B02872,2021-01-01 00:42:23,2021-01-01 00:49:06,192,92,N
707,HV0003,B02872,2021-01-01 00:54:39,2021-01-01 01:03:12,92,53,N
708,HV0003,B02880,2021-01-01 00:03:21,2021-01-01 00:30:02,49,10,N
709,HV0003,B02880,2021-01-01 00:34:35,2021-01-01 00:47:12,10,63,N
710,HV0003,B02880,2021-01-01 00:50:24,2021-01-01 00:54:35,63,76,N
711,HV0003,B02880,2021-01-01 00:59:15,2021-01-01 01:28:39,76,56,N
712,HV0003,B02878,2021-01-01 00:19:45,2021-01-01 00:25:45,18,174,N
713,HV0003,B02878,2021-01-01 00:28:27,2021-01-01 00:32:08,174,241,N
714,HV0003,B02871,2021-01-01 00:44:04,2021-01-01 00:53:36,165,123,N
715,HV0003,B02871,2021-01-01 00:59:35,2021-01-01 01:24:49,149,97,N
716,HV0003,B02887,2021-01-01 00:00:36,2021-01-01 00:38:56,168,265,N
717,HV0003,B02877,2021-01-01 00:22:52,2021-01-01 00:27:03,188,61,N
718,HV0003,B02877,2021-01-01 00:38:35,2021-01-01 00:47:19,188,39,N
719,HV0003,B02877,2021-01-01 00:52:55,2021-01-01 01:07:40,91,177,N
720,HV0003,B02512,2021-01-01 00:43:14,2021-01-01 00:54:32,164,68,N
721,HV0005,B02510,2021-01-01 00:04:43,2021-01-01 00:12:13,149,165,N
722,HV0005,B02510,2021-01-01 00:18:32,2021-01-01 00:52:42,165,249,N
723,HV0005,B02510,2021-01-01 00:58:57,2021-01-01 01:10:08,249,33,N
724,HV0003,B02867,2021-01-01 00:56:02,2021-01-01 01:05:31,68,137,N
725,HV0003,B02889,2021-01-01 00:22:09,2021-01-01 00:37:49,129,135,N
726,HV0003,B02889,2021-01-01 00:42:19,2021-01-01 00:52:55,135,56,N
727,HV0003,B02889,2021-01-01 00:58:26,2021-01-01 01:07:31,173,157,N
728,HV0005,B02510,2021-01-01 00:07:23,2021-01-01 00:12:57,62,35,N
729,HV0005,B02510,2021-01-01 00:16:22,2021-01-01 01:03:34,35,202,N
730,HV0003,B02872,2021-01-01 00:09:35,2021-01-01 00:19:32,148,231,N
731,HV0003,B02872,2021-01-01 00:37:15,2021-01-01 00:43:35,231,114,N
732,HV0005,B02510,2021-01-01 00:52:07,2021-01-01 01:01:51,4,141,N
733,HV0003,B02880,2021-01-01 00:11:22,2021-01-01 00:23:03,82,173,N
734,HV0003,B02880,2021-01-01 00:27:12,2021-01-01 00:37:09,173,82,N
735,HV0003,B02880,2021-01-01 00:41:48,2021-01-01 00:49:18,82,196,N
736,HV0003,B02880,2021-01-01 00:56:14,2021-01-01 01:12:51,160,33,N
737,HV0003,B02872,2021-01-01 00:31:43,2021-01-01 00:48:05,169,213,N
738,HV0003,B02872,2021-01-01 00:51:29,2021-01-01 01:02:09,213,208,N
739,HV0003,B02872,2021-01-01 00:08:30,2021-01-01 00:11:24,39,91,N
740,HV0003,B02872,2021-01-01 00:30:25,2021-01-01 00:40:46,61,35,N
741,HV0003,B02872,2021-01-01 00:50:50,2021-01-01 01:05:21,177,37,N
742,HV0003,B02872,2021-01-01 00:54:57,2021-01-01 01:03:53,125,79,N
743,HV0005,B02510,2021-01-01 00:03:14,2021-01-01 00:16:07,78,126,N
744,HV0005,B02510,2021-01-01 00:19:13,2021-01-01 00:30:29,126,212,N
745,HV0005,B02510,2021-01-01 00:37:32,2021-01-01 00:39:18,248,248,N
746,HV0005,B02510,2021-01-01 00:45:23,2021-01-01 01:13:08,213,80,N
747,HV0003,B02866,2021-01-01 00:38:16,2021-01-01 00:51:40,233,144,N
748,HV0003,B02866,2021-01-01 00:57:44,2021-01-01 01:11:33,231,141,N
749,HV0003,B02864,2021-01-01 00:12:41,2021-01-01 00:14:54,241,241,N
750,HV0003,B02864,2021-01-01 00:20:14,2021-01-01 00:27:47,241,241,N
751,HV0003,B02864,2021-01-01 00:28:56,2021-01-01 00:35:57,241,220,N
752,HV0003,B02864,2021-01-01 00:39:44,2021-01-01 01:13:58,153,160,N
753,HV0005,B02510,2021-01-01 00:33:18,2021-01-01 00:39:12,14,14,N
754,HV0003,B02836,2021-01-01 00:07:30,2021-01-01 00:08:57,203,203,N
755,HV0003,B02836,2021-01-01 00:18:55,2021-01-01 00:51:52,203,225,N
756,HV0003,B02764,2021-01-01 00:56:35,2021-01-01 01:17:08,155,29,N
757,HV0003,B02882,2021-01-01 00:31:42,2021-01-01 00:48:27,263,144,N
758,HV0003,B02765,2021-01-01 00:17:34,2021-01-01 00:25:49,37,198,N
759,HV0003,B02765,2021-01-01 00:27:52,2021-01-01 00:39:24,198,80,N
760,HV0003,B02765,2021-01-01 00:42:54,2021-01-01 00:51:09,80,256,N
761,HV0003,B02765,2021-01-01 00:56:19,2021-01-01 01:02:54,256,37,N
762,HV0005,B02510,2021-01-01 00:11:53,2021-01-01 00:25:16,213,242,N
763,HV0005,B02510,2021-01-01 00:26:59,2021-01-01 00:45:10,242,159,N
764,HV0005,B02510,2021-01-01 00:50:23,2021-01-01 01:11:39,159,18,N
765,HV0003,B02878,2021-01-01 00:05:28,2021-01-01 00:20:15,76,61,N
766,HV0003,B02878,2021-01-01 00:27:53,2021-01-01 00:42:48,61,91,N
767,HV0003,B02878,2021-01-01 00:47:51,2021-01-01 01:08:55,155,227,N
768,HV0005,B02510,2021-01-01 00:57:54,2021-01-01 01:17:32,42,240,N
769,HV0003,B02682,2021-01-01 00:39:49,2021-01-01 00:45:30,232,4,N
770,HV0003,B02682,2021-01-01 00:49:18,2021-01-01 01:15:03,4,36,N
771,HV0003,B02764,2021-01-01 00:50:25,2021-01-01 00:57:25,246,48,N
772,HV0003,B02872,2021-01-01 00:45:41,2021-01-01 01:18:25,49,244,N
773,HV0005,B02510,2021-01-01 00:12:33,2021-01-01 00:15:03,39,39,N
774,HV0005,B02510,2021-01-01 00:26:41,2021-01-01 00:36:16,39,77,N
775,HV0005,B02510,2021-01-01 00:40:28,2021-01-01 01:02:31,77,189,N
776,HV0004,B02800,2021-01-01 00:27:51,2021-01-01 00:35:20,116,166,N
777,HV0003,B02884,2021-01-01 00:35:02,2021-01-01 00:46:33,212,168,N
778,HV0003,B02884,2021-01-01 00:52:22,2021-01-01 01:02:33,168,42,N
779,HV0003,B02765,2021-01-01 00:17:40,2021-01-01 00:24:29,145,112,N
780,HV0003,B02765,2021-01-01 00:33:17,2021-01-01 00:47:40,112,37,N
781,HV0003,B02765,2021-01-01 00:51:50,2021-01-01 00:59:56,36,225,N
782,HV0003,B02879,2021-01-01 00:36:47,2021-01-01 00:59:24,91,77,N
783,HV0005,B02510,2021-01-01 00:09:40,2021-01-01 00:20:45,97,52,N
784,HV0005,B02510,2021-01-01 00:22:41,2021-01-01 00:39:31,52,4,N
785,HV0005,B02510,2021-01-01 00:43:55,2021-01-01 00:53:35,4,137,N
786,HV0003,B02617,2021-01-01 00:57:55,2021-01-01 01:09:19,170,145,N
787,HV0003,B02883,2021-01-01 00:39:48,2021-01-01 00:48:03,79,140,N
788,HV0003,B02869,2021-01-01 00:31:01,2021-01-01 00:54:39,90,255,N
789,HV0003,B02878,2021-01-01 00:17:19,2021-01-01 00:22:45,174,18,N
790,HV0003,B02878,2021-01-01 00:26:35,2021-01-01 00:54:22,18,260,N
791,HV0003,B02764,2021-01-01 00:47:37,2021-01-01 00:54:50,164,249,N
792,HV0005,B02510,2021-01-01 00:33:21,2021-01-01 00:51:47,143,112,N
793,HV0005,B02510,2021-01-01 00:56:08,2021-01-01 01:06:50,112,233,N
794,HV0005,B02510,2021-01-01 00:12:01,2021-01-01 00:41:02,232,39,N
795,HV0005,B02510,2021-01-01 00:49:23,2021-01-01 01:12:34,72,65,N
796,HV0003,B02764,2021-01-01 00:30:41,2021-01-01 00:38:19,151,75,N
797,HV0003,B02764,2021-01-01 00:39:02,2021-01-01 00:44:28,75,263,N
798,HV0003,B02764,2021-01-01 00:45:41,2021-01-01 00:53:01,42,41,N
799,HV0003,B02764,2021-01-01 00:55:01,2021-01-01 01:01:53,41,238,N
800,HV0003,B02764,2021-01-01 00:24:57,2021-01-01 00:36:04,189,61,N
801,HV0003,B02764,2021-01-01 00:40:58,2021-01-01 00:54:25,61,71,N
802,HV0005,B02510,2021-01-01 00:52:18,2021-01-01 01:12:35,107,112,N
803,HV0003,B02512,2021-01-01 00:12:51,2021-01-01 00:18:02,181,257,N
804,HV0003,B02512,2021-01-01 00:26:26,2021-01-01 00:58:37,106,109,N
805,HV0003,B02878,2021-01-01 00:36:22,2021-01-01 01:00:12,181,36,N
806,HV0003,B02682,2021-01-01 00:14:23,2021-01-01 00:28:39,242,69,N
807,HV0003,B02682,2021-01-01 00:35:23,2021-01-01 00:49:20,69,74,N
808,HV0003,B02682,2021-01-01 00:57:53,2021-01-01 01:01:48,168,74,N
809,HV0003,B02864,2021-01-01 00:31:03,2021-01-01 00:40:56,263,239,N
810,HV0003,B02864,2021-01-01 00:42:09,2021-01-01 00:53:19,239,140,N
811,HV0003,B02864,2021-01-01 00:57:45,2021-01-01 01:13:02,141,211,N
812,HV0003,B02764,2021-01-01 00:11:35,2021-01-01 00:31:02,79,235,N
813,HV0003,B02764,2021-01-01 00:34:27,2021-01-01 00:47:20,235,244,N
814,HV0003,B02764,2021-01-01 00:49:49,2021-01-01 01:08:29,244,238,N
815,HV0005,B02510,2021-01-01 00:07:00,2021-01-01 00:20:30,208,167,N
816,HV0005,B02510,2021-01-01 00:30:34,2021-01-01 00:47:57,167,244,N
817,HV0005,B02510,2021-01-01 00:52:51,2021-01-01 01:08:29,244,69,N
818,HV0003,B02869,2021-01-01 00:12:03,2021-01-01 00:25:25,43,229,N
819,HV0003,B02869,2021-01-01 00:28:56,2021-01-01 00:33:10,233,141,N
820,HV0003,B02869,2021-01-01 00:36:30,2021-01-01 00:39:49,141,229,N
821,HV0003,B02869,2021-01-01 00:48:54,2021-01-01 01:00:29,237,239,N
822,HV0005,B02510,2021-01-01 00:11:49,2021-01-01 00:20:18,25,65,N
823,HV0003,B02882,2021-01-01 00:31:24,2021-01-01 00:41:44,25,88,N
824,HV0003,B02882,2021-01-01 00:43:01,2021-01-01 00:59:19,87,141,N
825,HV0005,B02510,2021-01-01 00:10:07,2021-01-01 00:38:10,76,167,N
826,HV0005,B02510,2021-01-01 00:42:38,2021-01-01 01:03:57,167,7,N
827,HV0003,B02395,2021-01-01 00:11:42,2021-01-01 00:25:16,246,236,N
828,HV0005,B02510,2021-01-01 00:23:58,2021-01-01 00:37:02,47,126,N
829,HV0005,B02510,2021-01-01 00:41:23,2021-01-01 00:54:41,126,41,N
830,HV0005,B02510,2021-01-01 00:59:15,2021-01-01 01:28:19,41,49,N
831,HV0003,B02883,2021-01-01 00:21:43,2021-01-01 00:34:33,228,221,N
832,HV0003,B02883,2021-01-01 00:37:27,2021-01-01 00:48:24,115,23,N
833,HV0003,B02764,2021-01-01 00:11:50,2021-01-01 00:29:23,256,225,N
834,HV0003,B02764,2021-01-01 00:36:10,2021-01-01 00:41:47,225,37,N
835,HV0003,B02764,2021-01-01 00:44:23,2021-01-01 00:57:29,37,17,N
836,HV0003,B02887,2021-01-01 00:20:00,2021-01-01 00:33:19,188,257,N
837,HV0003,B02887,2021-01-01 00:38:08,2021-01-01 00:44:37,89,188,N
838,HV0003,B02887,2021-01-01 00:49:46,2021-01-01 01:02:45,188,49,N
839,HV0005,B02510,2021-01-01 00:25:43,2021-01-01 00:38:36,225,77,N
840,HV0005,B02510,2021-01-01 00:43:53,2021-01-01 01:16:52,76,34,N
841,HV0003,B02764,2021-01-01 00:19:09,2021-01-01 00:36:27,126,41,N
842,HV0003,B02764,2021-01-01 00:41:26,2021-01-01 00:56:05,41,247,N
843,HV0005,B02510,2021-01-01 00:27:24,2021-01-01 00:36:44,151,142,N
844,HV0005,B02510,2021-01-01 00:40:23,2021-01-01 00:55:14,239,107,N
845,HV0005,B02510,2021-01-01 00:10:36,2021-01-01 00:24:32,71,61,N
846,HV0005,B02510,2021-01-01 00:32:41,2021-01-01 00:42:56,177,225,N
847,HV0005,B02510,2021-01-01 00:53:02,2021-01-01 01:04:13,61,177,N
848,HV0003,B02617,2021-01-01 00:34:27,2021-01-01 00:48:55,14,65,N
849,HV0003,B02617,2021-01-01 00:39:53,2021-01-01 00:55:05,79,189,N
850,HV0003,B02617,2021-01-01 00:58:49,2021-01-01 01:14:52,97,85,N
851,HV0005,B02510,2021-01-01 00:32:52,2021-01-01 00:42:37,68,114,N
852,HV0005,B02510,2021-01-01 00:53:41,2021-01-01 01:17:35,79,14,N
853,HV0003,B02889,2021-01-01 00:27:54,2021-01-01 00:38:01,212,242,N
854,HV0003,B02889,2021-01-01 00:41:35,2021-01-01 00:50:35,242,208,N
855,HV0003,B02889,2021-01-01 00:58:35,2021-01-01 01:05:10,185,185,N
856,HV0003,B02884,2021-01-01 00:19:07,2021-01-01 00:57:23,72,265,N
857,HV0003,B02764,2021-01-01 00:23:05,2021-01-01 00:27:44,228,228,N
858,HV0003,B02764,2021-01-01 00:31:46,2021-01-01 01:08:17,227,198,N
859,HV0003,B02882,2021-01-01 00:10:10,2021-01-01 00:20:31,119,241,N
860,HV0003,B02882,2021-01-01 00:25:54,2021-01-01 00:40:25,241,244,N
861,HV0003,B02882,2021-01-01 00:43:38,2021-01-01 01:00:14,244,254,N
862,HV0003,B02836,2021-01-01 00:14:46,2021-01-01 00:23:34,77,39,N
863,HV0003,B02836,2021-01-01 00:28:27,2021-01-01 00:37:19,39,39,N
864,HV0003,B02836,2021-01-01 00:40:57,2021-01-01 00:45:28,39,39,N
865,HV0003,B02836,2021-01-01 00:52:15,2021-01-01 01:10:09,39,10,N
866,HV0003,B02869,2021-01-01 00:17:16,2021-01-01 00:26:45,248,169,N
867,HV0003,B02869,2021-01-01 00:35:56,2021-01-01 00:46:03,20,241,N
868,HV0003,B02869,2021-01-01 00:52:46,2021-01-01 01:05:13,136,32,N
869,HV0003,B02764,2021-01-01 00:26:19,2021-01-01 00:38:18,145,83,N
870,HV0003,B02764,2021-01-01 00:42:35,2021-01-01 00:51:30,260,196,N
871,HV0003,B02764,2021-01-01 00:45:58,2021-01-01 00:56:05,161,145,N
872,HV0005,B02510,2021-01-01 00:06:31,2021-01-01 00:25:01,238,42,N
873,HV0005,B02510,2021-01-01 00:38:43,2021-01-01 00:54:55,74,60,N
874,HV0003,B02395,2021-01-01 00:22:18,2021-01-01 00:32:06,39,72,N
875,HV0003,B02395,2021-01-01 00:41:28,2021-01-01 00:51:58,72,39,N
876,HV0003,B02395,2021-01-01 00:56:18,2021-01-01 01:26:23,39,25,N
877,HV0003,B02682,2021-01-01 00:13:00,2021-01-01 00:18:44,75,74,N
878,HV0003,B02682,2021-01-01 00:24:35,2021-01-01 00:30:33,168,167,N
879,HV0003,B02682,2021-01-01 00:45:40,2021-01-01 00:59:58,47,235,N
880,HV0005,B02510,2021-01-01 00:35:35,2021-01-01 00:51:58,4,48,N
881,HV0005,B02510,2021-01-01 00:57:20,2021-01-01 01:07:12,142,263,N
882,HV0003,B02887,2021-01-01 00:31:36,2021-01-01 01:02:09,141,177,N
883,HV0003,B02882,2021-01-01 00:55:03,2021-01-01 01:22:56,213,69,N
884,HV0003,B02395,2021-01-01 00:08:33,2021-01-01 00:20:03,62,72,N
885,HV0003,B02395,2021-01-01 00:36:50,2021-01-01 00:48:28,72,91,N
886,HV0003,B02395,2021-01-01 00:49:31,2021-01-01 01:08:18,91,26,N
887,HV0005,B02510,2021-01-01 00:45:10,2021-01-01 00:59:33,243,174,N
888,HV0004,B02800,2021-01-01 00:18:57,2021-01-01 00:36:36,7,127,N
889,HV0005,B02510,2021-01-01 00:20:27,2021-01-01 00:37:35,75,244,N
890,HV0005,B02510,2021-01-01 00:41:16,2021-01-01 00:53:43,244,116,N
891,HV0005,B02510,2021-01-01 00:55:52,2021-01-01 01:01:48,116,166,N
892,HV0003,B02875,2021-01-01 00:19:58,2021-01-01 00:35:03,137,80,N
893,HV0003,B02875,2021-01-01 00:47:52,2021-01-01 01:03:21,80,90,N
894,HV0003,B02764,2021-01-01 00:37:03,2021-01-01 01:03:18,263,62,N
895,HV0003,B02879,2021-01-01 00:17:14,2021-01-01 00:24:43,208,185,N
896,HV0003,B02879,2021-01-01 00:29:51,2021-01-01 00:40:35,32,200,N
897,HV0003,B02879,2021-01-01 00:41:55,2021-01-01 00:45:21,200,241,N
898,HV0003,B02879,2021-01-01 00:48:41,2021-01-01 00:57:40,241,174,N
899,HV0003,B02879,2021-01-01 00:59:12,2021-01-01 01:11:50,174,208,N
900,HV0003,B02866,2021-01-01 00:33:06,2021-01-01 00:42:55,181,61,N
901,HV0003,B02866,2021-01-01 00:52:54,2021-01-01 01:00:11,61,225,N
902,HV0003,B02875,2021-01-01 00:43:36,2021-01-01 01:06:54,48,146,N
903,HV0005,B02510,2021-01-01 00:15:56,2021-01-01 00:26:30,45,232,N
904,HV0003,B02617,2021-01-01 00:31:57,2021-01-01 00:57:11,232,188,N
905,HV0005,B02510,2021-01-01 00:01:32,2021-01-01 00:17:37,214,118,N
906,HV0005,B02510,2021-01-01 00:43:57,2021-01-01 00:50:02,14,228,N
907,HV0005,B02510,2021-01-01 00:53:29,2021-01-01 00:58:38,228,227,N
908,HV0005,B02510,2021-01-01 00:50:42,2021-01-01 01:05:17,157,121,N
909,HV0005,B02510,2021-01-01 00:28:28,2021-01-01 00:40:12,79,229,N
910,HV0005,B02510,2021-01-01 00:46:05,2021-01-01 01:05:17,229,17,N
911,HV0003,B02879,2021-01-01 00:18:05,2021-01-01 00:28:51,69,41,N
912,HV0003,B02879,2021-01-01 00:32:39,2021-01-01 00:48:41,41,129,N
913,HV0003,B02879,2021-01-01 00:53:11,2021-01-01 00:55:32,129,129,N
914,HV0003,B02889,2021-01-01 00:46:16,2021-01-01 00:53:55,231,249,N
915,HV0003,B02889,2021-01-01 00:58:49,2021-01-01 01:24:14,113,188,N
916,HV0003,B02872,2021-01-01 00:14:13,2021-01-01 00:47:07,76,195,N
917,HV0003,B02872,2021-01-01 00:53:44,2021-01-01 01:09:49,195,4,N
918,HV0005,B02510,2021-01-01 00:50:48,2021-01-01 01:02:21,48,137,N
919,HV0003,B02764,2021-01-01 00:12:23,2021-01-01 00:28:36,238,158,N
920,HV0003,B02764,2021-01-01 00:46:42,2021-01-01 01:04:15,25,26,N
921,HV0003,B02877,2021-01-01 00:33:52,2021-01-01 00:50:42,49,37,N
922,HV0003,B02882,2021-01-01 00:53:51,2021-01-01 01:10:58,254,182,N
923,HV0003,B02876,2021-01-01 00:47:21,2021-01-01 00:58:33,234,4,N
924,HV0003,B02887,2021-01-01 00:17:24,2021-01-01 00:33:13,246,87,N
925,HV0003,B02887,2021-01-01 00:36:21,2021-01-01 00:55:10,87,181,N
926,HV0003,B02887,2021-01-01 00:58:53,2021-01-01 01:09:54,181,188,N
927,HV0003,B02765,2021-01-01 00:00:26,2021-01-01 00:15:21,95,134,N
928,HV0003,B02765,2021-01-01 00:24:11,2021-01-01 00:48:06,197,36,N
929,HV0003,B02765,2021-01-01 00:51:44,2021-01-01 01:11:31,37,232,N
930,HV0003,B02765,2021-01-01 00:09:14,2021-01-01 00:17:50,213,212,N
931,HV0003,B02765,2021-01-01 00:25:25,2021-01-01 00:43:23,213,127,N
932,HV0003,B02765,2021-01-01 00:48:01,2021-01-01 01:00:54,127,47,N
933,HV0003,B02877,2021-01-01 00:29:05,2021-01-01 00:45:21,141,7,N
934,HV0003,B02877,2021-01-01 00:48:56,2021-01-01 01:07:17,260,235,N
935,HV0003,B02764,2021-01-01 00:15:07,2021-01-01 00:26:51,230,263,N
936,HV0003,B02764,2021-01-01 00:31:13,2021-01-01 00:36:49,140,141,N
937,HV0003,B02764,2021-01-01 00:38:36,2021-01-01 00:58:08,141,65,N
938,HV0003,B02872,2021-01-01 00:35:38,2021-01-01 00:50:05,113,256,N
939,HV0003,B02872,2021-01-01 00:53:41,2021-01-01 01:12:31,256,228,N
940,HV0003,B02872,2021-01-01 00:08:10,2021-01-01 00:49:19,242,95,N
941,HV0003,B02872,2021-01-01 00:53:03,2021-01-01 01:07:07,95,198,N
942,HV0003,B02764,2021-01-01 00:10:06,2021-01-01 00:33:09,37,145,N
943,HV0003,B02764,2021-01-01 00:49:25,2021-01-01 01:01:34,157,102,N
944,HV0003,B02395,2021-01-01 00:21:13,2021-01-01 00:25:46,216,216,N
945,HV0003,B02395,2021-01-01 00:28:54,2021-01-01 00:41:02,216,76,N
946,HV0003,B02395,2021-01-01 00:46:09,2021-01-01 01:05:35,76,225,N
947,HV0003,B02888,2021-01-01 00:08:48,2021-01-01 00:16:32,75,238,N
948,HV0003,B02888,2021-01-01 00:25:39,2021-01-01 00:37:19,151,244,N
949,HV0003,B02888,2021-01-01 00:44:48,2021-01-01 00:57:05,244,69,N
950,HV0003,B02888,2021-01-01 00:58:06,2021-01-01 01:14:11,69,20,N
951,HV0005,B02510,2021-01-01 00:09:16,2021-01-01 00:40:04,61,42,N
952,HV0005,B02510,2021-01-01 00:51:01,2021-01-01 01:11:27,116,51,N
953,HV0003,B02876,2021-01-01 00:21:57,2021-01-01 00:36:01,74,42,N
954,HV0003,B02876,2021-01-01 00:38:04,2021-01-01 01:08:21,42,36,N
955,HV0003,B02879,2021-01-01 00:31:45,2021-01-01 00:54:33,106,89,N
956,HV0003,B02864,2021-01-01 00:12:19,2021-01-01 00:21:23,242,169,N
957,HV0003,B02864,2021-01-01 00:24:02,2021-01-01 00:32:41,169,78,N
958,HV0003,B02864,2021-01-01 00:37:19,2021-01-01 00:44:50,78,169,N
959,HV0003,B02864,2021-01-01 00:50:45,2021-01-01 00:55:11,47,78,N
960,HV0003,B02864,2021-01-01 00:57:40,2021-01-01 01:05:42,78,169,N
961,HV0003,B02870,2021-01-01 00:23:59,2021-01-01 00:24:09,19,19,N
962,HV0003,B02870,2021-01-01 00:25:20,2021-01-01 00:37:25,19,9,N
963,HV0003,B02870,2021-01-01 00:44:41,2021-01-01 01:09:26,98,265,N
964,HV0003,B02880,2021-01-01 00:17:32,2021-01-01 00:34:03,255,225,N
965,HV0003,B02880,2021-01-01 00:37:06,2021-01-01 00:42:33,225,225,N
966,HV0003,B02880,2021-01-01 00:48:01,2021-01-01 01:16:56,37,227,N
967,HV0005,B02510,2021-01-01 00:18:59,2021-01-01 00:32:30,168,136,N
968,HV0005,B02510,2021-01-01 00:37:22,2021-01-01 00:55:04,18,265,N
969,HV0003,B02765,2021-01-01 00:00:21,2021-01-01 00:10:02,247,168,N
970,HV0003,B02682,2021-01-01 00:10:22,2021-01-01 00:17:05,79,249,N
971,HV0003,B02682,2021-01-01 00:33:01,2021-01-01 01:02:08,158,85,N
972,HV0003,B02682,2021-01-01 00:10:25,2021-01-01 00:29:51,41,7,N
973,HV0003,B02682,2021-01-01 00:34:10,2021-01-01 01:02:23,7,50,N
974,HV0005,B02510,2021-01-01 00:43:41,2021-01-01 00:47:18,198,36,N
975,HV0005,B02510,2021-01-01 00:50:45,2021-01-01 00:57:53,36,36,N
976,HV0003,B02395,2021-01-01 00:13:40,2021-01-01 00:30:41,241,3,N
977,HV0003,B02395,2021-01-01 00:33:54,2021-01-01 00:45:43,3,78,N
978,HV0003,B02395,2021-01-01 00:50:26,2021-01-01 01:04:11,248,169,N
979,HV0003,B02864,2021-01-01 00:20:54,2021-01-01 00:44:42,112,37,N
980,HV0003,B02864,2021-01-01 00:51:00,2021-01-01 01:03:37,36,80,N
981,HV0005,B02510,2021-01-01 00:20:00,2021-01-01 00:33:35,180,132,N
982,HV0005,B02510,2021-01-01 00:46:21,2021-01-01 00:52:43,203,218,N
983,HV0005,B02510,2021-01-01 00:20:07,2021-01-01 00:36:26,68,170,N
984,HV0005,B02510,2021-01-01 00:41:52,2021-01-01 00:45:35,137,229,N
985,HV0005,B02510,2021-01-01 00:52:40,2021-01-01 01:05:03,137,112,N
986,HV0005,B02510,2021-01-01 00:12:31,2021-01-01 00:17:40,82,82,N
987,HV0005,B02510,2021-01-01 00:21:13,2021-01-01 00:26:13,82,129,N
988,HV0003,B02876,2021-01-01 00:29:29,2021-01-01 00:40:34,173,56,N
989,HV0003,B02876,2021-01-01 00:44:47,2021-01-01 01:00:12,56,53,N
990,HV0005,B02510,2021-01-01 00:18:59,2021-01-01 00:35:19,36,256,N
991,HV0005,B02510,2021-01-01 00:38:33,2021-01-01 01:01:39,256,48,N
992,HV0005,B02510,2021-01-01 00:21:08,2021-01-01 00:27:50,89,188,N
993,HV0003,B02835,2021-01-01 00:39:08,2021-01-01 00:50:18,17,61,N
994,HV0003,B02835,2021-01-01 00:55:19,2021-01-01 01:33:06,225,205,N
995,HV0003,B02871,2021-01-01 00:33:43,2021-01-01 00:47:52,255,61,N
996,HV0005,B02510,2021-01-01 00:53:10,2021-01-01 01:21:09,114,21,N
997,HV0003,B02512,2021-01-01 00:18:35,2021-01-01 00:26:53,167,42,N
998,HV0003,B02512,2021-01-01 00:35:39,2021-01-01 00:42:59,116,116,N
999,HV0003,B02512,2021-01-01 00:44:54,2021-01-01 01:15:59,116,132,N
1000,HV0005,B02510,2021-01-01 00:30:39,2021-01-01 00:50:04,116,60,N
